name,signature,return_type,parameters,flags,kfunc_set,program_types,source_file
__bpf_trap,void __bpf_trap(void),void,,,common_btf_ids,,kernel/bpf/helpers.c
bbr_cwnd_event,"void bbr_cwnd_event(struct sock * sk, tcp_ca_event event)",void,"struct sock * sk, tcp_ca_event event",,tcp_bbr_check_kfunc_ids,,net/ipv4/tcp_bbr.c
bbr_init,void bbr_init(struct sock * sk),void,struct sock * sk,,tcp_bbr_check_kfunc_ids,,net/ipv4/tcp_bbr.c
bbr_main,"void bbr_main(struct sock * sk, u32 ack, int flag, const struct rate_sample * rs)",void,"struct sock * sk, u32 ack, int flag, const struct rate_sample * rs",,tcp_bbr_check_kfunc_ids,,net/ipv4/tcp_bbr.c
bbr_min_tso_segs,u32 bbr_min_tso_segs(struct sock * sk),u32,struct sock * sk,,tcp_bbr_check_kfunc_ids,,net/ipv4/tcp_bbr.c
bbr_set_state,"void bbr_set_state(struct sock * sk, u8 new_state)",void,"struct sock * sk, u8 new_state",,tcp_bbr_check_kfunc_ids,,net/ipv4/tcp_bbr.c
bbr_sndbuf_expand,u32 bbr_sndbuf_expand(struct sock * sk),u32,struct sock * sk,,tcp_bbr_check_kfunc_ids,,net/ipv4/tcp_bbr.c
bbr_ssthresh,u32 bbr_ssthresh(struct sock * sk),u32,struct sock * sk,,tcp_bbr_check_kfunc_ids,,net/ipv4/tcp_bbr.c
bbr_undo_cwnd,u32 bbr_undo_cwnd(struct sock * sk),u32,struct sock * sk,,tcp_bbr_check_kfunc_ids,,net/ipv4/tcp_bbr.c
bpf_arena_alloc_pages,"void *bpf_arena_alloc_pages(void * p__map, void * addr__ign, u32 page_cnt, int node_id, u64 flags)",void *,"void * p__map, void * addr__ign, u32 page_cnt, int node_id, u64 flags",KF_TRUSTED_ARGS|KF_SLEEPABLE|KF_ARENA_RET|KF_ARENA_ARG2,arena_kfuncs,,
bpf_arena_free_pages,"void bpf_arena_free_pages(void * p__map, void * ptr__ign, u32 page_cnt)",void,"void * p__map, void * ptr__ign, u32 page_cnt",KF_TRUSTED_ARGS|KF_SLEEPABLE|KF_ARENA_ARG2,arena_kfuncs,,kernel/bpf/arena.c
bpf_arena_reserve_pages,"int bpf_arena_reserve_pages(void * p__map, void * ptr__ign, u32 page_cnt)",int,"void * p__map, void * ptr__ign, u32 page_cnt",KF_TRUSTED_ARGS|KF_SLEEPABLE|KF_ARENA_ARG2,arena_kfuncs,,kernel/bpf/arena.c
bpf_cast_to_kern_ctx,void *bpf_cast_to_kern_ctx(void * obj),void *,void * obj,KF_FASTCALL,common_btf_ids,,
bpf_cgroup_acquire,struct cgroup *bpf_cgroup_acquire(struct cgroup * cgrp),struct cgroup *,struct cgroup * cgrp,KF_ACQUIRE|KF_RCU|KF_RET_NULL,generic_btf_ids,,
bpf_cgroup_ancestor,"struct cgroup *bpf_cgroup_ancestor(struct cgroup * cgrp, int level)",struct cgroup *,"struct cgroup * cgrp, int level",KF_ACQUIRE|KF_RCU|KF_RET_NULL,generic_btf_ids,,
bpf_cgroup_from_id,struct cgroup *bpf_cgroup_from_id(u64 cgid),struct cgroup *,u64 cgid,KF_ACQUIRE|KF_RET_NULL,generic_btf_ids,,
bpf_cgroup_read_xattr,"int bpf_cgroup_read_xattr(struct cgroup * cgroup, const char * name__str, struct bpf_dynptr * value_p)",int,"struct cgroup * cgroup, const char * name__str, struct bpf_dynptr * value_p",KF_RCU,common_btf_ids,,fs/bpf_fs_kfuncs.c
bpf_cgroup_release,void bpf_cgroup_release(struct cgroup * cgrp),void,struct cgroup * cgrp,KF_RELEASE,generic_btf_ids,,kernel/bpf/helpers.c
bpf_cgroup_release_dtor,,,,,,,kernel/bpf/helpers.c
bpf_copy_from_user_dynptr,"int bpf_copy_from_user_dynptr(struct bpf_dynptr * dptr, u32 off, u32 size, const void * unsafe_ptr__ign)",int,"struct bpf_dynptr * dptr, u32 off, u32 size, const void * unsafe_ptr__ign",KF_SLEEPABLE,common_btf_ids,,kernel/trace/bpf_trace.c
bpf_copy_from_user_str,"int bpf_copy_from_user_str(void * dst, u32 dst__sz, const void * unsafe_ptr__ign, u64 flags)",int,"void * dst, u32 dst__sz, const void * unsafe_ptr__ign, u64 flags",KF_SLEEPABLE,common_btf_ids,,kernel/bpf/helpers.c
bpf_copy_from_user_str_dynptr,"int bpf_copy_from_user_str_dynptr(struct bpf_dynptr * dptr, u32 off, u32 size, const void * unsafe_ptr__ign)",int,"struct bpf_dynptr * dptr, u32 off, u32 size, const void * unsafe_ptr__ign",KF_SLEEPABLE,common_btf_ids,,kernel/trace/bpf_trace.c
bpf_copy_from_user_task_dynptr,"int bpf_copy_from_user_task_dynptr(struct bpf_dynptr * dptr, u32 off, u32 size, const void * unsafe_ptr__ign, struct task_struct * tsk)",int,"struct bpf_dynptr * dptr, u32 off, u32 size, const void * unsafe_ptr__ign, struct task_struct * tsk",KF_SLEEPABLE|KF_TRUSTED_ARGS,common_btf_ids,,kernel/trace/bpf_trace.c
bpf_copy_from_user_task_str,"int bpf_copy_from_user_task_str(void * dst, u32 dst__sz, const void * unsafe_ptr__ign, struct task_struct * tsk, u64 flags)",int,"void * dst, u32 dst__sz, const void * unsafe_ptr__ign, struct task_struct * tsk, u64 flags",KF_SLEEPABLE,common_btf_ids,,kernel/bpf/helpers.c
bpf_copy_from_user_task_str_dynptr,"int bpf_copy_from_user_task_str_dynptr(struct bpf_dynptr * dptr, u32 off, u32 size, const void * unsafe_ptr__ign, struct task_struct * tsk)",int,"struct bpf_dynptr * dptr, u32 off, u32 size, const void * unsafe_ptr__ign, struct task_struct * tsk",KF_SLEEPABLE|KF_TRUSTED_ARGS,common_btf_ids,,kernel/trace/bpf_trace.c
bpf_cpumask_acquire,struct bpf_cpumask *bpf_cpumask_acquire(struct bpf_cpumask * cpumask),struct bpf_cpumask *,struct bpf_cpumask * cpumask,KF_ACQUIRE|KF_TRUSTED_ARGS,cpumask_kfunc_btf_ids,,
bpf_cpumask_and,"bool bpf_cpumask_and(struct bpf_cpumask * dst, const struct cpumask * src1, const struct cpumask * src2)",bool,"struct bpf_cpumask * dst, const struct cpumask * src1, const struct cpumask * src2",KF_RCU,cpumask_kfunc_btf_ids,,kernel/bpf/cpumask.c
bpf_cpumask_any_and_distribute,"u32 bpf_cpumask_any_and_distribute(const struct cpumask * src1, const struct cpumask * src2)",u32,"const struct cpumask * src1, const struct cpumask * src2",KF_RCU,cpumask_kfunc_btf_ids,,kernel/bpf/cpumask.c
bpf_cpumask_any_distribute,u32 bpf_cpumask_any_distribute(const struct cpumask * cpumask),u32,const struct cpumask * cpumask,KF_RCU,cpumask_kfunc_btf_ids,,kernel/bpf/cpumask.c
bpf_cpumask_clear,void bpf_cpumask_clear(struct bpf_cpumask * cpumask),void,struct bpf_cpumask * cpumask,KF_RCU,cpumask_kfunc_btf_ids,,kernel/bpf/cpumask.c
bpf_cpumask_clear_cpu,"void bpf_cpumask_clear_cpu(u32 cpu, struct bpf_cpumask * cpumask)",void,"u32 cpu, struct bpf_cpumask * cpumask",KF_RCU,cpumask_kfunc_btf_ids,,kernel/bpf/cpumask.c
bpf_cpumask_copy,"void bpf_cpumask_copy(struct bpf_cpumask * dst, const struct cpumask * src)",void,"struct bpf_cpumask * dst, const struct cpumask * src",KF_RCU,cpumask_kfunc_btf_ids,,kernel/bpf/cpumask.c
bpf_cpumask_create,struct bpf_cpumask *bpf_cpumask_create(void),struct bpf_cpumask *,,KF_ACQUIRE|KF_RET_NULL,cpumask_kfunc_btf_ids,,
bpf_cpumask_empty,bool bpf_cpumask_empty(const struct cpumask * cpumask),bool,const struct cpumask * cpumask,KF_RCU,cpumask_kfunc_btf_ids,,kernel/bpf/cpumask.c
bpf_cpumask_equal,"bool bpf_cpumask_equal(const struct cpumask * src1, const struct cpumask * src2)",bool,"const struct cpumask * src1, const struct cpumask * src2",KF_RCU,cpumask_kfunc_btf_ids,,kernel/bpf/cpumask.c
bpf_cpumask_first,u32 bpf_cpumask_first(const struct cpumask * cpumask),u32,const struct cpumask * cpumask,KF_RCU,cpumask_kfunc_btf_ids,,kernel/bpf/cpumask.c
bpf_cpumask_first_and,"u32 bpf_cpumask_first_and(const struct cpumask * src1, const struct cpumask * src2)",u32,"const struct cpumask * src1, const struct cpumask * src2",KF_RCU,cpumask_kfunc_btf_ids,,kernel/bpf/cpumask.c
bpf_cpumask_first_zero,u32 bpf_cpumask_first_zero(const struct cpumask * cpumask),u32,const struct cpumask * cpumask,KF_RCU,cpumask_kfunc_btf_ids,,kernel/bpf/cpumask.c
bpf_cpumask_full,bool bpf_cpumask_full(const struct cpumask * cpumask),bool,const struct cpumask * cpumask,KF_RCU,cpumask_kfunc_btf_ids,,kernel/bpf/cpumask.c
bpf_cpumask_intersects,"bool bpf_cpumask_intersects(const struct cpumask * src1, const struct cpumask * src2)",bool,"const struct cpumask * src1, const struct cpumask * src2",KF_RCU,cpumask_kfunc_btf_ids,,kernel/bpf/cpumask.c
bpf_cpumask_or,"void bpf_cpumask_or(struct bpf_cpumask * dst, const struct cpumask * src1, const struct cpumask * src2)",void,"struct bpf_cpumask * dst, const struct cpumask * src1, const struct cpumask * src2",KF_RCU,cpumask_kfunc_btf_ids,,kernel/bpf/cpumask.c
bpf_cpumask_populate,"int bpf_cpumask_populate(struct cpumask * cpumask, void * src, size_t src__sz)",int,"struct cpumask * cpumask, void * src, size_t src__sz",KF_RCU,cpumask_kfunc_btf_ids,,kernel/bpf/cpumask.c
bpf_cpumask_release,void bpf_cpumask_release(struct bpf_cpumask * cpumask),void,struct bpf_cpumask * cpumask,KF_RELEASE,cpumask_kfunc_btf_ids,,kernel/bpf/cpumask.c
bpf_cpumask_release_dtor,,,,,,,kernel/bpf/cpumask.c
bpf_cpumask_set_cpu,"void bpf_cpumask_set_cpu(u32 cpu, struct bpf_cpumask * cpumask)",void,"u32 cpu, struct bpf_cpumask * cpumask",KF_RCU,cpumask_kfunc_btf_ids,,kernel/bpf/cpumask.c
bpf_cpumask_setall,void bpf_cpumask_setall(struct bpf_cpumask * cpumask),void,struct bpf_cpumask * cpumask,KF_RCU,cpumask_kfunc_btf_ids,,kernel/bpf/cpumask.c
bpf_cpumask_subset,"bool bpf_cpumask_subset(const struct cpumask * src1, const struct cpumask * src2)",bool,"const struct cpumask * src1, const struct cpumask * src2",KF_RCU,cpumask_kfunc_btf_ids,,kernel/bpf/cpumask.c
bpf_cpumask_test_and_clear_cpu,"bool bpf_cpumask_test_and_clear_cpu(u32 cpu, struct bpf_cpumask * cpumask)",bool,"u32 cpu, struct bpf_cpumask * cpumask",KF_RCU,cpumask_kfunc_btf_ids,,kernel/bpf/cpumask.c
bpf_cpumask_test_and_set_cpu,"bool bpf_cpumask_test_and_set_cpu(u32 cpu, struct bpf_cpumask * cpumask)",bool,"u32 cpu, struct bpf_cpumask * cpumask",KF_RCU,cpumask_kfunc_btf_ids,,kernel/bpf/cpumask.c
bpf_cpumask_test_cpu,"bool bpf_cpumask_test_cpu(u32 cpu, const struct cpumask * cpumask)",bool,"u32 cpu, const struct cpumask * cpumask",KF_RCU,cpumask_kfunc_btf_ids,,kernel/bpf/cpumask.c
bpf_cpumask_weight,u32 bpf_cpumask_weight(const struct cpumask * cpumask),u32,const struct cpumask * cpumask,KF_RCU,cpumask_kfunc_btf_ids,,kernel/bpf/cpumask.c
bpf_cpumask_xor,"void bpf_cpumask_xor(struct bpf_cpumask * dst, const struct cpumask * src1, const struct cpumask * src2)",void,"struct bpf_cpumask * dst, const struct cpumask * src1, const struct cpumask * src2",KF_RCU,cpumask_kfunc_btf_ids,,kernel/bpf/cpumask.c
bpf_crypto_ctx_acquire,struct bpf_crypto_ctx *bpf_crypto_ctx_acquire(struct bpf_crypto_ctx * ctx),struct bpf_crypto_ctx *,struct bpf_crypto_ctx * ctx,KF_ACQUIRE|KF_RCU|KF_RET_NULL,crypt_init_kfunc_btf_ids,,kernel/bpf/crypto.c
bpf_crypto_ctx_create,"struct bpf_crypto_ctx *bpf_crypto_ctx_create(const struct bpf_crypto_params * params, u32 params__sz, int * err)",struct bpf_crypto_ctx *,"const struct bpf_crypto_params * params, u32 params__sz, int * err",KF_ACQUIRE|KF_RET_NULL|KF_SLEEPABLE,crypt_init_kfunc_btf_ids,,kernel/bpf/crypto.c
bpf_crypto_ctx_release,void bpf_crypto_ctx_release(struct bpf_crypto_ctx * ctx),void,struct bpf_crypto_ctx * ctx,KF_RELEASE,crypt_init_kfunc_btf_ids,,kernel/bpf/crypto.c
bpf_crypto_decrypt,"int bpf_crypto_decrypt(struct bpf_crypto_ctx * ctx, const struct bpf_dynptr * src, const struct bpf_dynptr * dst, const struct bpf_dynptr * siv__nullable)",int,"struct bpf_crypto_ctx * ctx, const struct bpf_dynptr * src, const struct bpf_dynptr * dst, const struct bpf_dynptr * siv__nullable",KF_RCU,crypt_kfunc_btf_ids,,kernel/bpf/crypto.c
bpf_crypto_encrypt,"int bpf_crypto_encrypt(struct bpf_crypto_ctx * ctx, const struct bpf_dynptr * src, const struct bpf_dynptr * dst, const struct bpf_dynptr * siv__nullable)",int,"struct bpf_crypto_ctx * ctx, const struct bpf_dynptr * src, const struct bpf_dynptr * dst, const struct bpf_dynptr * siv__nullable",KF_RCU,crypt_kfunc_btf_ids,,kernel/bpf/crypto.c
bpf_ct_change_status,"int bpf_ct_change_status(struct nf_conn * nfct, u32 status)",int,"struct nf_conn * nfct, u32 status",KF_TRUSTED_ARGS,nf_ct_kfunc_set,,net/netfilter/nf_conntrack_bpf.c
bpf_ct_change_timeout,"int bpf_ct_change_timeout(struct nf_conn * nfct, u32 timeout)",int,"struct nf_conn * nfct, u32 timeout",KF_TRUSTED_ARGS,nf_ct_kfunc_set,,net/netfilter/nf_conntrack_bpf.c
bpf_ct_insert_entry,struct nf_conn *bpf_ct_insert_entry(struct nf_conn___init * nfct_i),struct nf_conn *,struct nf_conn___init * nfct_i,KF_ACQUIRE|KF_RET_NULL|KF_RELEASE,nf_ct_kfunc_set,,
bpf_ct_release,void bpf_ct_release(struct nf_conn * nfct),void,struct nf_conn * nfct,KF_RELEASE,nf_ct_kfunc_set,,net/netfilter/nf_conntrack_bpf.c
bpf_ct_set_nat_info,"int bpf_ct_set_nat_info(struct nf_conn___init * nfct, union nf_inet_addr * addr, int port, nf_nat_manip_type manip)",int,"struct nf_conn___init * nfct, union nf_inet_addr * addr, int port, nf_nat_manip_type manip",KF_TRUSTED_ARGS,nf_nat_kfunc_set,,net/netfilter/nf_nat_bpf.c
bpf_ct_set_status,"int bpf_ct_set_status(const struct nf_conn___init * nfct, u32 status)",int,"const struct nf_conn___init * nfct, u32 status",KF_TRUSTED_ARGS,nf_ct_kfunc_set,,net/netfilter/nf_conntrack_bpf.c
bpf_ct_set_timeout,"void bpf_ct_set_timeout(struct nf_conn___init * nfct, u32 timeout)",void,"struct nf_conn___init * nfct, u32 timeout",KF_TRUSTED_ARGS,nf_ct_kfunc_set,,net/netfilter/nf_conntrack_bpf.c
bpf_dynptr_adjust,"int bpf_dynptr_adjust(const struct bpf_dynptr * p, u32 start, u32 end)",int,"const struct bpf_dynptr * p, u32 start, u32 end",,common_btf_ids,,kernel/bpf/helpers.c
bpf_dynptr_clone,"int bpf_dynptr_clone(const struct bpf_dynptr * p, struct bpf_dynptr * clone__uninit)",int,"const struct bpf_dynptr * p, struct bpf_dynptr * clone__uninit",,common_btf_ids,,kernel/bpf/helpers.c
bpf_dynptr_copy,"int bpf_dynptr_copy(struct bpf_dynptr * dst_ptr, u32 dst_off, struct bpf_dynptr * src_ptr, u32 src_off, u32 size)",int,"struct bpf_dynptr * dst_ptr, u32 dst_off, struct bpf_dynptr * src_ptr, u32 src_off, u32 size",,common_btf_ids,,kernel/bpf/helpers.c
bpf_dynptr_from_skb,"int bpf_dynptr_from_skb(struct __sk_buff * s, u64 flags, struct bpf_dynptr * ptr__uninit)",int,"struct __sk_buff * s, u64 flags, struct bpf_dynptr * ptr__uninit",KF_TRUSTED_ARGS,bpf_kfunc_check_set_skb,,net/core/filter.c
bpf_dynptr_from_xdp,"int bpf_dynptr_from_xdp(struct xdp_md * x, u64 flags, struct bpf_dynptr * ptr__uninit)",int,"struct xdp_md * x, u64 flags, struct bpf_dynptr * ptr__uninit",,bpf_kfunc_check_set_xdp,,net/core/filter.c
bpf_dynptr_is_null,bool bpf_dynptr_is_null(const struct bpf_dynptr * p),bool,const struct bpf_dynptr * p,,common_btf_ids,,kernel/bpf/helpers.c
bpf_dynptr_is_rdonly,bool bpf_dynptr_is_rdonly(const struct bpf_dynptr * p),bool,const struct bpf_dynptr * p,,common_btf_ids,,kernel/bpf/helpers.c
bpf_dynptr_memset,"int bpf_dynptr_memset(struct bpf_dynptr * p, u32 offset, u32 size, u8 val)",int,"struct bpf_dynptr * p, u32 offset, u32 size, u8 val",,common_btf_ids,,kernel/bpf/helpers.c
bpf_dynptr_size,__u32 bpf_dynptr_size(const struct bpf_dynptr * p),__u32,const struct bpf_dynptr * p,,common_btf_ids,,kernel/bpf/helpers.c
bpf_dynptr_slice,"void *bpf_dynptr_slice(const struct bpf_dynptr * p, u32 offset, void * buffer__opt, u32 buffer__szk)",void *,"const struct bpf_dynptr * p, u32 offset, void * buffer__opt, u32 buffer__szk",KF_RET_NULL,common_btf_ids,,
bpf_dynptr_slice_rdwr,"void *bpf_dynptr_slice_rdwr(const struct bpf_dynptr * p, u32 offset, void * buffer__opt, u32 buffer__szk)",void *,"const struct bpf_dynptr * p, u32 offset, void * buffer__opt, u32 buffer__szk",KF_RET_NULL,common_btf_ids,,
bpf_get_dentry_xattr,"int bpf_get_dentry_xattr(struct dentry * dentry, const char * name__str, struct bpf_dynptr * value_p)",int,"struct dentry * dentry, const char * name__str, struct bpf_dynptr * value_p",KF_SLEEPABLE|KF_TRUSTED_ARGS,bpf_fs_kfunc_set_ids,,fs/bpf_fs_kfuncs.c
bpf_get_file_xattr,"int bpf_get_file_xattr(struct file * file, const char * name__str, struct bpf_dynptr * value_p)",int,"struct file * file, const char * name__str, struct bpf_dynptr * value_p",KF_SLEEPABLE|KF_TRUSTED_ARGS,bpf_fs_kfunc_set_ids,,fs/bpf_fs_kfuncs.c
bpf_get_fsverity_digest,"int bpf_get_fsverity_digest(struct file * file, struct bpf_dynptr * digest_p)",int,"struct file * file, struct bpf_dynptr * digest_p",KF_TRUSTED_ARGS,fsverity_set_ids,,fs/verity/measure.c
bpf_get_kmem_cache,struct kmem_cache *bpf_get_kmem_cache(u64 addr),struct kmem_cache *,u64 addr,,common_btf_ids,,
bpf_get_task_exe_file,struct file *bpf_get_task_exe_file(struct task_struct * task),struct file *,struct task_struct * task,,,,
bpf_iter_bits_destroy,void bpf_iter_bits_destroy(struct bpf_iter_bits * it),void,struct bpf_iter_bits * it,KF_ITER_DESTROY,common_btf_ids,,kernel/bpf/helpers.c
bpf_iter_bits_new,"int bpf_iter_bits_new(struct bpf_iter_bits * it, const u64 * unsafe_ptr__ign, u32 nr_words)",int,"struct bpf_iter_bits * it, const u64 * unsafe_ptr__ign, u32 nr_words",KF_ITER_NEW,common_btf_ids,,kernel/bpf/helpers.c
bpf_iter_bits_next,int *bpf_iter_bits_next(struct bpf_iter_bits * it),int *,struct bpf_iter_bits * it,KF_ITER_NEXT|KF_RET_NULL,common_btf_ids,,
bpf_iter_css_destroy,void bpf_iter_css_destroy(struct bpf_iter_css * it),void,struct bpf_iter_css * it,KF_ITER_DESTROY,common_btf_ids,,kernel/bpf/cgroup_iter.c
bpf_iter_css_new,"int bpf_iter_css_new(struct bpf_iter_css * it, struct cgroup_subsys_state * start, unsigned int flags)",int,"struct bpf_iter_css * it, struct cgroup_subsys_state * start, unsigned int flags",KF_ITER_NEW|KF_TRUSTED_ARGS|KF_RCU_PROTECTED,common_btf_ids,,kernel/bpf/cgroup_iter.c
bpf_iter_css_next,struct cgroup_subsys_state *bpf_iter_css_next(struct bpf_iter_css * it),struct cgroup_subsys_state *,struct bpf_iter_css * it,KF_ITER_NEXT|KF_RET_NULL,common_btf_ids,,
bpf_iter_css_task_destroy,void bpf_iter_css_task_destroy(struct bpf_iter_css_task * it),void,struct bpf_iter_css_task * it,KF_ITER_DESTROY,common_btf_ids,,kernel/bpf/task_iter.c
bpf_iter_css_task_new,"int bpf_iter_css_task_new(struct bpf_iter_css_task * it, struct cgroup_subsys_state * css, unsigned int flags)",int,"struct bpf_iter_css_task * it, struct cgroup_subsys_state * css, unsigned int flags",KF_ITER_NEW|KF_TRUSTED_ARGS,common_btf_ids,,kernel/bpf/task_iter.c
bpf_iter_css_task_next,struct task_struct *bpf_iter_css_task_next(struct bpf_iter_css_task * it),struct task_struct *,struct bpf_iter_css_task * it,KF_ITER_NEXT|KF_RET_NULL,common_btf_ids,,
bpf_iter_dmabuf_destroy,void bpf_iter_dmabuf_destroy(struct bpf_iter_dmabuf * it),void,struct bpf_iter_dmabuf * it,KF_ITER_DESTROY|KF_SLEEPABLE,common_btf_ids,,kernel/bpf/dmabuf_iter.c
bpf_iter_dmabuf_new,int bpf_iter_dmabuf_new(struct bpf_iter_dmabuf * it),int,struct bpf_iter_dmabuf * it,KF_ITER_NEW|KF_SLEEPABLE,common_btf_ids,,kernel/bpf/dmabuf_iter.c
bpf_iter_dmabuf_next,struct dma_buf *bpf_iter_dmabuf_next(struct bpf_iter_dmabuf * it),struct dma_buf *,struct bpf_iter_dmabuf * it,KF_ITER_NEXT|KF_RET_NULL|KF_SLEEPABLE,common_btf_ids,,
bpf_iter_kmem_cache_destroy,void bpf_iter_kmem_cache_destroy(struct bpf_iter_kmem_cache * it),void,struct bpf_iter_kmem_cache * it,KF_ITER_DESTROY|KF_SLEEPABLE,common_btf_ids,,kernel/bpf/kmem_cache_iter.c
bpf_iter_kmem_cache_new,int bpf_iter_kmem_cache_new(struct bpf_iter_kmem_cache * it),int,struct bpf_iter_kmem_cache * it,KF_ITER_NEW|KF_SLEEPABLE,common_btf_ids,,kernel/bpf/kmem_cache_iter.c
bpf_iter_kmem_cache_next,struct kmem_cache *bpf_iter_kmem_cache_next(struct bpf_iter_kmem_cache * it),struct kmem_cache *,struct bpf_iter_kmem_cache * it,KF_ITER_NEXT|KF_RET_NULL|KF_SLEEPABLE,common_btf_ids,,
bpf_iter_num_destroy,void bpf_iter_num_destroy(struct bpf_iter_num * it),void,struct bpf_iter_num * it,KF_ITER_DESTROY,common_btf_ids,,kernel/bpf/bpf_iter.c
bpf_iter_num_new,"int bpf_iter_num_new(struct bpf_iter_num * it, int start, int end)",int,"struct bpf_iter_num * it, int start, int end",KF_ITER_NEW,common_btf_ids,,kernel/bpf/bpf_iter.c
bpf_iter_num_next,int *bpf_iter_num_next(struct bpf_iter_num * it),int *,struct bpf_iter_num * it,KF_ITER_NEXT|KF_RET_NULL,common_btf_ids,,
bpf_iter_scx_dsq_destroy,void bpf_iter_scx_dsq_destroy(struct bpf_iter_scx_dsq * it),void,struct bpf_iter_scx_dsq * it,KF_ITER_DESTROY,scx_kfunc_ids_any,,kernel/sched/ext.c
bpf_iter_scx_dsq_new,"int bpf_iter_scx_dsq_new(struct bpf_iter_scx_dsq * it, u64 dsq_id, u64 flags)",int,"struct bpf_iter_scx_dsq * it, u64 dsq_id, u64 flags",KF_ITER_NEW|KF_RCU_PROTECTED,scx_kfunc_ids_any,,kernel/sched/ext.c
bpf_iter_scx_dsq_next,struct task_struct *bpf_iter_scx_dsq_next(struct bpf_iter_scx_dsq * it),struct task_struct *,struct bpf_iter_scx_dsq * it,KF_ITER_NEXT|KF_RET_NULL,scx_kfunc_ids_any,,
bpf_iter_task_destroy,void bpf_iter_task_destroy(struct bpf_iter_task * it),void,struct bpf_iter_task * it,KF_ITER_DESTROY,common_btf_ids,,kernel/bpf/task_iter.c
bpf_iter_task_new,"int bpf_iter_task_new(struct bpf_iter_task * it, struct task_struct * task__nullable, unsigned int flags)",int,"struct bpf_iter_task * it, struct task_struct * task__nullable, unsigned int flags",KF_ITER_NEW|KF_TRUSTED_ARGS|KF_RCU_PROTECTED,common_btf_ids,,kernel/bpf/task_iter.c
bpf_iter_task_next,struct task_struct *bpf_iter_task_next(struct bpf_iter_task * it),struct task_struct *,struct bpf_iter_task * it,KF_ITER_NEXT|KF_RET_NULL,common_btf_ids,,
bpf_iter_task_vma_destroy,void bpf_iter_task_vma_destroy(struct bpf_iter_task_vma * it),void,struct bpf_iter_task_vma * it,KF_ITER_DESTROY,common_btf_ids,,kernel/bpf/task_iter.c
bpf_iter_task_vma_new,"int bpf_iter_task_vma_new(struct bpf_iter_task_vma * it, struct task_struct * task, u64 addr)",int,"struct bpf_iter_task_vma * it, struct task_struct * task, u64 addr",KF_ITER_NEW|KF_RCU,common_btf_ids,,kernel/bpf/task_iter.c
bpf_iter_task_vma_next,struct vm_area_struct *bpf_iter_task_vma_next(struct bpf_iter_task_vma * it),struct vm_area_struct *,struct bpf_iter_task_vma * it,KF_ITER_NEXT|KF_RET_NULL,common_btf_ids,,
bpf_key_put,void bpf_key_put(struct bpf_key * bkey),void,struct bpf_key * bkey,KF_RELEASE,key_sig_kfunc_set,,kernel/trace/bpf_trace.c
bpf_kfree_skb,void bpf_kfree_skb(struct sk_buff * skb),void,struct sk_buff * skb,KF_RELEASE,qdisc_kfunc_ids,,net/sched/bpf_qdisc.c
bpf_kfunc_call_memb_release_dtor,,,,,,,net/bpf/test_run.c
bpf_list_back,struct bpf_list_node *bpf_list_back(struct bpf_list_head * head),struct bpf_list_node *,struct bpf_list_head * head,KF_RET_NULL,generic_btf_ids,,
bpf_list_front,struct bpf_list_node *bpf_list_front(struct bpf_list_head * head),struct bpf_list_node *,struct bpf_list_head * head,KF_RET_NULL,generic_btf_ids,,
bpf_list_pop_back,struct bpf_list_node *bpf_list_pop_back(struct bpf_list_head * head),struct bpf_list_node *,struct bpf_list_head * head,KF_ACQUIRE|KF_RET_NULL,generic_btf_ids,,
bpf_list_pop_front,struct bpf_list_node *bpf_list_pop_front(struct bpf_list_head * head),struct bpf_list_node *,struct bpf_list_head * head,KF_ACQUIRE|KF_RET_NULL,generic_btf_ids,,
bpf_list_push_back_impl,"int bpf_list_push_back_impl(struct bpf_list_head * head, struct bpf_list_node * node, void * meta__ign, u64 off)",int,"struct bpf_list_head * head, struct bpf_list_node * node, void * meta__ign, u64 off",,generic_btf_ids,,kernel/bpf/helpers.c
bpf_list_push_front_impl,"int bpf_list_push_front_impl(struct bpf_list_head * head, struct bpf_list_node * node, void * meta__ign, u64 off)",int,"struct bpf_list_head * head, struct bpf_list_node * node, void * meta__ign, u64 off",,generic_btf_ids,,kernel/bpf/helpers.c
bpf_local_irq_restore,void bpf_local_irq_restore(long unsigned int * flags__irq_flag),void,long unsigned int * flags__irq_flag,,common_btf_ids,,kernel/bpf/helpers.c
bpf_local_irq_save,void bpf_local_irq_save(long unsigned int * flags__irq_flag),void,long unsigned int * flags__irq_flag,,common_btf_ids,,kernel/bpf/helpers.c
bpf_lookup_system_key,struct bpf_key *bpf_lookup_system_key(u64 id),struct bpf_key *,u64 id,KF_ACQUIRE|KF_RET_NULL,key_sig_kfunc_set,,
bpf_lookup_user_key,"struct bpf_key *bpf_lookup_user_key(s32 serial, u64 flags)",struct bpf_key *,"s32 serial, u64 flags",KF_ACQUIRE|KF_RET_NULL|KF_SLEEPABLE,key_sig_kfunc_set,,
bpf_map_sum_elem_count,s64 bpf_map_sum_elem_count(const struct bpf_map * map),s64,const struct bpf_map * map,KF_TRUSTED_ARGS,bpf_map_iter_kfunc_ids,,kernel/bpf/map_iter.c
bpf_obj_drop_impl,"void bpf_obj_drop_impl(void * p__alloc, void * meta__ign)",void,"void * p__alloc, void * meta__ign",KF_RELEASE,generic_btf_ids,,kernel/bpf/helpers.c
bpf_obj_new_impl,"void *bpf_obj_new_impl(u64 local_type_id__k, void * meta__ign)",void *,"u64 local_type_id__k, void * meta__ign",KF_ACQUIRE|KF_RET_NULL,generic_btf_ids,,
bpf_path_d_path,"int bpf_path_d_path(struct path * path, char * buf, size_t buf__sz)",int,"struct path * path, char * buf, size_t buf__sz",KF_TRUSTED_ARGS,bpf_fs_kfunc_set_ids,,fs/bpf_fs_kfuncs.c
bpf_percpu_obj_drop_impl,"void bpf_percpu_obj_drop_impl(void * p__alloc, void * meta__ign)",void,"void * p__alloc, void * meta__ign",KF_RELEASE,generic_btf_ids,,kernel/bpf/helpers.c
bpf_percpu_obj_new_impl,"void *bpf_percpu_obj_new_impl(u64 local_type_id__k, void * meta__ign)",void *,"u64 local_type_id__k, void * meta__ign",KF_ACQUIRE|KF_RET_NULL,generic_btf_ids,,
bpf_preempt_disable,void bpf_preempt_disable(void),void,,,common_btf_ids,,kernel/bpf/helpers.c
bpf_preempt_enable,void bpf_preempt_enable(void),void,,,common_btf_ids,,kernel/bpf/helpers.c
bpf_probe_read_kernel_dynptr,"int bpf_probe_read_kernel_dynptr(struct bpf_dynptr * dptr, u32 off, u32 size, const void * unsafe_ptr__ign)",int,"struct bpf_dynptr * dptr, u32 off, u32 size, const void * unsafe_ptr__ign",,common_btf_ids,,kernel/trace/bpf_trace.c
bpf_probe_read_kernel_str_dynptr,"int bpf_probe_read_kernel_str_dynptr(struct bpf_dynptr * dptr, u32 off, u32 size, const void * unsafe_ptr__ign)",int,"struct bpf_dynptr * dptr, u32 off, u32 size, const void * unsafe_ptr__ign",,common_btf_ids,,kernel/trace/bpf_trace.c
bpf_probe_read_user_dynptr,"int bpf_probe_read_user_dynptr(struct bpf_dynptr * dptr, u32 off, u32 size, const void * unsafe_ptr__ign)",int,"struct bpf_dynptr * dptr, u32 off, u32 size, const void * unsafe_ptr__ign",,common_btf_ids,,kernel/trace/bpf_trace.c
bpf_probe_read_user_str_dynptr,"int bpf_probe_read_user_str_dynptr(struct bpf_dynptr * dptr, u32 off, u32 size, const void * unsafe_ptr__ign)",int,"struct bpf_dynptr * dptr, u32 off, u32 size, const void * unsafe_ptr__ign",,common_btf_ids,,kernel/trace/bpf_trace.c
bpf_put_file,void bpf_put_file(struct file * file),void,struct file * file,KF_RELEASE,bpf_fs_kfunc_set_ids,,fs/bpf_fs_kfuncs.c
bpf_qdisc_bstats_update,"void bpf_qdisc_bstats_update(struct Qdisc * sch, const struct sk_buff * skb)",void,"struct Qdisc * sch, const struct sk_buff * skb",KF_TRUSTED_ARGS,qdisc_kfunc_ids,,net/sched/bpf_qdisc.c
bpf_qdisc_init_prologue,"int bpf_qdisc_init_prologue(struct Qdisc * sch, struct netlink_ext_ack * extack)",int,"struct Qdisc * sch, struct netlink_ext_ack * extack",KF_TRUSTED_ARGS,qdisc_kfunc_ids,,net/sched/bpf_qdisc.c
bpf_qdisc_reset_destroy_epilogue,void bpf_qdisc_reset_destroy_epilogue(struct Qdisc * sch),void,struct Qdisc * sch,KF_TRUSTED_ARGS,qdisc_kfunc_ids,,net/sched/bpf_qdisc.c
bpf_qdisc_skb_drop,"void bpf_qdisc_skb_drop(struct sk_buff * skb, struct bpf_sk_buff_ptr * to_free_list)",void,"struct sk_buff * skb, struct bpf_sk_buff_ptr * to_free_list",KF_RELEASE,qdisc_kfunc_ids,,net/sched/bpf_qdisc.c
bpf_qdisc_watchdog_schedule,"void bpf_qdisc_watchdog_schedule(struct Qdisc * sch, u64 expire, u64 delta_ns)",void,"struct Qdisc * sch, u64 expire, u64 delta_ns",KF_TRUSTED_ARGS,qdisc_kfunc_ids,,net/sched/bpf_qdisc.c
bpf_rbtree_add_impl,"int bpf_rbtree_add_impl(struct bpf_rb_root * root, struct bpf_rb_node * node, func_ptr * less, void * meta__ign, u64 off)",int,"struct bpf_rb_root * root, struct bpf_rb_node * node, func_ptr * less, void * meta__ign, u64 off",,generic_btf_ids,,kernel/bpf/helpers.c
bpf_rbtree_first,struct bpf_rb_node *bpf_rbtree_first(struct bpf_rb_root * root),struct bpf_rb_node *,struct bpf_rb_root * root,KF_RET_NULL,generic_btf_ids,,
bpf_rbtree_left,"struct bpf_rb_node *bpf_rbtree_left(struct bpf_rb_root * root, struct bpf_rb_node * node)",struct bpf_rb_node *,"struct bpf_rb_root * root, struct bpf_rb_node * node",KF_RET_NULL,generic_btf_ids,,
bpf_rbtree_remove,"struct bpf_rb_node *bpf_rbtree_remove(struct bpf_rb_root * root, struct bpf_rb_node * node)",struct bpf_rb_node *,"struct bpf_rb_root * root, struct bpf_rb_node * node",KF_ACQUIRE|KF_RET_NULL,generic_btf_ids,,
bpf_rbtree_right,"struct bpf_rb_node *bpf_rbtree_right(struct bpf_rb_root * root, struct bpf_rb_node * node)",struct bpf_rb_node *,"struct bpf_rb_root * root, struct bpf_rb_node * node",KF_RET_NULL,generic_btf_ids,,
bpf_rbtree_root,struct bpf_rb_node *bpf_rbtree_root(struct bpf_rb_root * root),struct bpf_rb_node *,struct bpf_rb_root * root,KF_RET_NULL,generic_btf_ids,,
bpf_rcu_read_lock,void bpf_rcu_read_lock(void),void,,,common_btf_ids,,kernel/bpf/helpers.c
bpf_rcu_read_unlock,void bpf_rcu_read_unlock(void),void,,,common_btf_ids,,kernel/bpf/helpers.c
bpf_rdonly_cast,"void *bpf_rdonly_cast(const void * obj__ign, u32 btf_id__k)",void *,"const void * obj__ign, u32 btf_id__k",KF_FASTCALL,common_btf_ids,,
bpf_refcount_acquire_impl,"void *bpf_refcount_acquire_impl(void * p__refcounted_kptr, void * meta__ign)",void *,"void * p__refcounted_kptr, void * meta__ign",KF_ACQUIRE|KF_RET_NULL|KF_RCU,generic_btf_ids,,
bpf_remove_dentry_xattr,"int bpf_remove_dentry_xattr(struct dentry * dentry, const char * name__str)",int,"struct dentry * dentry, const char * name__str",KF_SLEEPABLE|KF_TRUSTED_ARGS,bpf_fs_kfunc_set_ids,,fs/bpf_fs_kfuncs.c
bpf_res_spin_lock,int bpf_res_spin_lock(struct bpf_res_spin_lock * lock),int,struct bpf_res_spin_lock * lock,KF_RET_NULL,rqspinlock_kfunc_ids,,kernel/bpf/rqspinlock.c
bpf_res_spin_lock_irqsave,"int bpf_res_spin_lock_irqsave(struct bpf_res_spin_lock * lock, long unsigned int * flags__irq_flag)",int,"struct bpf_res_spin_lock * lock, long unsigned int * flags__irq_flag",KF_RET_NULL,rqspinlock_kfunc_ids,,kernel/bpf/rqspinlock.c
bpf_res_spin_unlock,void bpf_res_spin_unlock(struct bpf_res_spin_lock * lock),void,struct bpf_res_spin_lock * lock,,rqspinlock_kfunc_ids,,kernel/bpf/rqspinlock.c
bpf_res_spin_unlock_irqrestore,"void bpf_res_spin_unlock_irqrestore(struct bpf_res_spin_lock * lock, long unsigned int * flags__irq_flag)",void,"struct bpf_res_spin_lock * lock, long unsigned int * flags__irq_flag",,rqspinlock_kfunc_ids,,kernel/bpf/rqspinlock.c
bpf_send_signal_task,"int bpf_send_signal_task(struct task_struct * task, int sig, pid_type type, u64 value)",int,"struct task_struct * task, int sig, pid_type type, u64 value",KF_TRUSTED_ARGS,generic_btf_ids,,kernel/trace/bpf_trace.c
bpf_session_cookie,__u64 *bpf_session_cookie(void),__u64 *,,,kprobe_multi_kfunc_set_ids,,
bpf_session_is_return,bool bpf_session_is_return(void),bool,,,kprobe_multi_kfunc_set_ids,,kernel/trace/bpf_trace.c
bpf_set_dentry_xattr,"int bpf_set_dentry_xattr(struct dentry * dentry, const char * name__str, const struct bpf_dynptr * value_p, int flags)",int,"struct dentry * dentry, const char * name__str, const struct bpf_dynptr * value_p, int flags",KF_SLEEPABLE|KF_TRUSTED_ARGS,bpf_fs_kfunc_set_ids,,fs/bpf_fs_kfuncs.c
bpf_sk_assign_tcp_reqsk,"int bpf_sk_assign_tcp_reqsk(struct __sk_buff * s, struct sock * sk, struct bpf_tcp_req_attrs * attrs, int attrs__sz)",int,"struct __sk_buff * s, struct sock * sk, struct bpf_tcp_req_attrs * attrs, int attrs__sz",KF_TRUSTED_ARGS,bpf_kfunc_check_set_tcp_reqsk,,net/core/filter.c
bpf_skb_ct_alloc,"struct nf_conn___init *bpf_skb_ct_alloc(struct __sk_buff * skb_ctx, struct bpf_sock_tuple * bpf_tuple, u32 tuple__sz, struct bpf_ct_opts * opts, u32 opts__sz)",struct nf_conn___init *,"struct __sk_buff * skb_ctx, struct bpf_sock_tuple * bpf_tuple, u32 tuple__sz, struct bpf_ct_opts * opts, u32 opts__sz",KF_ACQUIRE|KF_RET_NULL,nf_ct_kfunc_set,,net/netfilter/nf_conntrack_bpf.c
bpf_skb_ct_lookup,"struct nf_conn *bpf_skb_ct_lookup(struct __sk_buff * skb_ctx, struct bpf_sock_tuple * bpf_tuple, u32 tuple__sz, struct bpf_ct_opts * opts, u32 opts__sz)",struct nf_conn *,"struct __sk_buff * skb_ctx, struct bpf_sock_tuple * bpf_tuple, u32 tuple__sz, struct bpf_ct_opts * opts, u32 opts__sz",KF_ACQUIRE|KF_RET_NULL,nf_ct_kfunc_set,,net/netfilter/nf_conntrack_bpf.c
bpf_skb_get_fou_encap,"int bpf_skb_get_fou_encap(struct __sk_buff * skb_ctx, struct bpf_fou_encap * encap)",int,"struct __sk_buff * skb_ctx, struct bpf_fou_encap * encap",,fou_kfunc_set,,net/ipv4/fou_bpf.c
bpf_skb_get_hash,u32 bpf_skb_get_hash(struct sk_buff * skb),u32,struct sk_buff * skb,KF_TRUSTED_ARGS,qdisc_kfunc_ids,,net/sched/bpf_qdisc.c
bpf_skb_get_xfrm_info,"int bpf_skb_get_xfrm_info(struct __sk_buff * skb_ctx, struct bpf_xfrm_info * to)",int,"struct __sk_buff * skb_ctx, struct bpf_xfrm_info * to",,xfrm_ifc_kfunc_set,,net/xfrm/xfrm_interface_bpf.c
bpf_skb_set_fou_encap,"int bpf_skb_set_fou_encap(struct __sk_buff * skb_ctx, struct bpf_fou_encap * encap, int type)",int,"struct __sk_buff * skb_ctx, struct bpf_fou_encap * encap, int type",,fou_kfunc_set,,net/ipv4/fou_bpf.c
bpf_skb_set_xfrm_info,"int bpf_skb_set_xfrm_info(struct __sk_buff * skb_ctx, const struct bpf_xfrm_info * from)",int,"struct __sk_buff * skb_ctx, const struct bpf_xfrm_info * from",,xfrm_ifc_kfunc_set,,net/xfrm/xfrm_interface_bpf.c
bpf_sock_addr_set_sun_path,"int bpf_sock_addr_set_sun_path(struct bpf_sock_addr_kern * sa_kern, const u8 * sun_path, u32 sun_path__sz)",int,"struct bpf_sock_addr_kern * sa_kern, const u8 * sun_path, u32 sun_path__sz",,bpf_kfunc_check_set_sock_addr,,net/core/filter.c
bpf_sock_destroy,int bpf_sock_destroy(struct sock_common * sock),int,struct sock_common * sock,KF_TRUSTED_ARGS,bpf_sk_iter_kfunc_ids,,net/core/filter.c
bpf_sock_ops_enable_tx_tstamp,"int bpf_sock_ops_enable_tx_tstamp(struct bpf_sock_ops_kern * skops, u64 flags)",int,"struct bpf_sock_ops_kern * skops, u64 flags",KF_TRUSTED_ARGS,bpf_kfunc_check_set_sock_ops,,net/core/filter.c
bpf_strchr,"int bpf_strchr(const char * s__ign, char c)",int,"const char * s__ign, char c",,common_btf_ids,,kernel/bpf/helpers.c
bpf_strchrnul,"int bpf_strchrnul(const char * s__ign, char c)",int,"const char * s__ign, char c",,common_btf_ids,,kernel/bpf/helpers.c
bpf_strcmp,"int bpf_strcmp(const char * s1__ign, const char * s2__ign)",int,"const char * s1__ign, const char * s2__ign",,common_btf_ids,,kernel/bpf/helpers.c
bpf_strcspn,"int bpf_strcspn(const char * s__ign, const char * reject__ign)",int,"const char * s__ign, const char * reject__ign",,common_btf_ids,,kernel/bpf/helpers.c
bpf_stream_vprintk,"int bpf_stream_vprintk(int stream_id, const char * fmt__str, const void * args, u32 len__sz, void * aux__prog)",int,"int stream_id, const char * fmt__str, const void * args, u32 len__sz, void * aux__prog",KF_TRUSTED_ARGS,common_btf_ids,,kernel/bpf/stream.c
bpf_strlen,int bpf_strlen(const char * s__ign),int,const char * s__ign,,common_btf_ids,,kernel/bpf/helpers.c
bpf_strnchr,"int bpf_strnchr(const char * s__ign, size_t count, char c)",int,"const char * s__ign, size_t count, char c",,common_btf_ids,,kernel/bpf/helpers.c
bpf_strnlen,"int bpf_strnlen(const char * s__ign, size_t count)",int,"const char * s__ign, size_t count",,common_btf_ids,,kernel/bpf/helpers.c
bpf_strnstr,"int bpf_strnstr(const char * s1__ign, const char * s2__ign, size_t len)",int,"const char * s1__ign, const char * s2__ign, size_t len",,common_btf_ids,,kernel/bpf/helpers.c
bpf_strrchr,"int bpf_strrchr(const char * s__ign, int c)",int,"const char * s__ign, int c",,common_btf_ids,,kernel/bpf/helpers.c
bpf_strspn,"int bpf_strspn(const char * s__ign, const char * accept__ign)",int,"const char * s__ign, const char * accept__ign",,common_btf_ids,,kernel/bpf/helpers.c
bpf_strstr,"int bpf_strstr(const char * s1__ign, const char * s2__ign)",int,"const char * s1__ign, const char * s2__ign",,common_btf_ids,,kernel/bpf/helpers.c
bpf_task_acquire,struct task_struct *bpf_task_acquire(struct task_struct * p),struct task_struct *,struct task_struct * p,KF_ACQUIRE|KF_RCU|KF_RET_NULL,generic_btf_ids,,
bpf_task_from_pid,struct task_struct *bpf_task_from_pid(s32 pid),struct task_struct *,s32 pid,KF_ACQUIRE|KF_RET_NULL,generic_btf_ids,,
bpf_task_from_vpid,struct task_struct *bpf_task_from_vpid(s32 vpid),struct task_struct *,s32 vpid,KF_ACQUIRE|KF_RET_NULL,generic_btf_ids,,
bpf_task_get_cgroup1,"struct cgroup *bpf_task_get_cgroup1(struct task_struct * task, int hierarchy_id)",struct cgroup *,"struct task_struct * task, int hierarchy_id",KF_ACQUIRE|KF_RCU|KF_RET_NULL,generic_btf_ids,,kernel/bpf/helpers.c
bpf_task_release,void bpf_task_release(struct task_struct * p),void,struct task_struct * p,KF_RELEASE,generic_btf_ids,,kernel/bpf/helpers.c
bpf_task_release_dtor,,,,,,,kernel/bpf/helpers.c
bpf_task_under_cgroup,"long int bpf_task_under_cgroup(struct task_struct * task, struct cgroup * ancestor)",long int,"struct task_struct * task, struct cgroup * ancestor",KF_RCU,generic_btf_ids,,kernel/bpf/helpers.c
bpf_throw,void bpf_throw(u64 cookie),void,u64 cookie,,generic_btf_ids,,kernel/bpf/helpers.c
bpf_verify_pkcs7_signature,"int bpf_verify_pkcs7_signature(struct bpf_dynptr * data_p, struct bpf_dynptr * sig_p, struct bpf_key * trusted_keyring)",int,"struct bpf_dynptr * data_p, struct bpf_dynptr * sig_p, struct bpf_key * trusted_keyring",KF_SLEEPABLE,key_sig_kfunc_set,,kernel/trace/bpf_trace.c
bpf_wq_init,"int bpf_wq_init(struct bpf_wq * wq, void * p__map, unsigned int flags)",int,"struct bpf_wq * wq, void * p__map, unsigned int flags",,common_btf_ids,,kernel/bpf/helpers.c
bpf_wq_set_callback_impl,"int bpf_wq_set_callback_impl(struct bpf_wq * wq, func_ptr * callback_fn, unsigned int flags, void * aux__prog)",int,"struct bpf_wq * wq, func_ptr * callback_fn, unsigned int flags, void * aux__prog",,common_btf_ids,,kernel/bpf/helpers.c
bpf_wq_start,"int bpf_wq_start(struct bpf_wq * wq, unsigned int flags)",int,"struct bpf_wq * wq, unsigned int flags",,common_btf_ids,,kernel/bpf/helpers.c
bpf_xdp_ct_alloc,"struct nf_conn___init *bpf_xdp_ct_alloc(struct xdp_md * xdp_ctx, struct bpf_sock_tuple * bpf_tuple, u32 tuple__sz, struct bpf_ct_opts * opts, u32 opts__sz)",struct nf_conn___init *,"struct xdp_md * xdp_ctx, struct bpf_sock_tuple * bpf_tuple, u32 tuple__sz, struct bpf_ct_opts * opts, u32 opts__sz",KF_ACQUIRE|KF_RET_NULL,nf_ct_kfunc_set,,net/netfilter/nf_conntrack_bpf.c
bpf_xdp_ct_lookup,"struct nf_conn *bpf_xdp_ct_lookup(struct xdp_md * xdp_ctx, struct bpf_sock_tuple * bpf_tuple, u32 tuple__sz, struct bpf_ct_opts * opts, u32 opts__sz)",struct nf_conn *,"struct xdp_md * xdp_ctx, struct bpf_sock_tuple * bpf_tuple, u32 tuple__sz, struct bpf_ct_opts * opts, u32 opts__sz",KF_ACQUIRE|KF_RET_NULL,nf_ct_kfunc_set,,net/netfilter/nf_conntrack_bpf.c
bpf_xdp_flow_lookup,"struct flow_offload_tuple_rhash *bpf_xdp_flow_lookup(struct xdp_md * ctx, struct bpf_fib_lookup * fib_tuple, struct bpf_flowtable_opts * opts, u32 opts_len)",struct flow_offload_tuple_rhash *,"struct xdp_md * ctx, struct bpf_fib_lookup * fib_tuple, struct bpf_flowtable_opts * opts, u32 opts_len",KF_TRUSTED_ARGS|KF_RET_NULL,nf_ft_kfunc_set,,net/netfilter/nf_flow_table_bpf.c
bpf_xdp_get_xfrm_state,"struct xfrm_state *bpf_xdp_get_xfrm_state(struct xdp_md * ctx, struct bpf_xfrm_state_opts * opts, u32 opts__sz)",struct xfrm_state *,"struct xdp_md * ctx, struct bpf_xfrm_state_opts * opts, u32 opts__sz",KF_RET_NULL|KF_ACQUIRE,xfrm_state_kfunc_set,,net/xfrm/xfrm_state_bpf.c
bpf_xdp_metadata_rx_hash,"int bpf_xdp_metadata_rx_hash(const struct xdp_md * ctx, u32 * hash, xdp_rss_hash_type * rss_type)",int,"const struct xdp_md * ctx, u32 * hash, xdp_rss_hash_type * rss_type",,,,net/core/xdp.c
bpf_xdp_metadata_rx_timestamp,"int bpf_xdp_metadata_rx_timestamp(const struct xdp_md * ctx, u64 * timestamp)",int,"const struct xdp_md * ctx, u64 * timestamp",,,,net/core/xdp.c
bpf_xdp_metadata_rx_vlan_tag,"int bpf_xdp_metadata_rx_vlan_tag(const struct xdp_md * ctx, __be16 * vlan_proto, u16 * vlan_tci)",int,"const struct xdp_md * ctx, __be16 * vlan_proto, u16 * vlan_tci",,,,net/core/xdp.c
bpf_xdp_xfrm_state_release,void bpf_xdp_xfrm_state_release(struct xfrm_state * x),void,struct xfrm_state * x,KF_RELEASE,xfrm_state_kfunc_set,,net/xfrm/xfrm_state_bpf.c
crash_kexec,void crash_kexec(struct pt_regs * regs),void,struct pt_regs * regs,KF_DESTRUCTIVE,generic_btf_ids,,kernel/crash_core.c
css_rstat_flush,void css_rstat_flush(struct cgroup_subsys_state * css),void,struct cgroup_subsys_state * css,KF_SLEEPABLE,bpf_rstat_kfunc_ids,,kernel/cgroup/rstat.c
css_rstat_updated,"void css_rstat_updated(struct cgroup_subsys_state * css, int cpu)",void,"struct cgroup_subsys_state * css, int cpu",,bpf_rstat_kfunc_ids,,kernel/cgroup/rstat.c
cubictcp_acked,"void cubictcp_acked(struct sock * sk, const struct ack_sample * sample)",void,"struct sock * sk, const struct ack_sample * sample",,tcp_cubic_check_kfunc_ids,,net/ipv4/tcp_cubic.c
cubictcp_cong_avoid,"void cubictcp_cong_avoid(struct sock * sk, u32 ack, u32 acked)",void,"struct sock * sk, u32 ack, u32 acked",,tcp_cubic_check_kfunc_ids,,net/ipv4/tcp_cubic.c
cubictcp_cwnd_event,"void cubictcp_cwnd_event(struct sock * sk, tcp_ca_event event)",void,"struct sock * sk, tcp_ca_event event",,tcp_cubic_check_kfunc_ids,,net/ipv4/tcp_cubic.c
cubictcp_init,void cubictcp_init(struct sock * sk),void,struct sock * sk,,tcp_cubic_check_kfunc_ids,,net/ipv4/tcp_cubic.c
cubictcp_recalc_ssthresh,u32 cubictcp_recalc_ssthresh(struct sock * sk),u32,struct sock * sk,,tcp_cubic_check_kfunc_ids,,net/ipv4/tcp_cubic.c
cubictcp_state,"void cubictcp_state(struct sock * sk, u8 new_state)",void,"struct sock * sk, u8 new_state",,tcp_cubic_check_kfunc_ids,,net/ipv4/tcp_cubic.c
dctcp_cwnd_event,"void dctcp_cwnd_event(struct sock * sk, tcp_ca_event ev)",void,"struct sock * sk, tcp_ca_event ev",,tcp_dctcp_check_kfunc_ids,,net/ipv4/tcp_dctcp.c
dctcp_cwnd_undo,u32 dctcp_cwnd_undo(struct sock * sk),u32,struct sock * sk,,tcp_dctcp_check_kfunc_ids,,net/ipv4/tcp_dctcp.c
dctcp_init,void dctcp_init(struct sock * sk),void,struct sock * sk,,tcp_dctcp_check_kfunc_ids,,net/ipv4/tcp_dctcp.c
dctcp_ssthresh,u32 dctcp_ssthresh(struct sock * sk),u32,struct sock * sk,,tcp_dctcp_check_kfunc_ids,,net/ipv4/tcp_dctcp.c
dctcp_state,"void dctcp_state(struct sock * sk, u8 new_state)",void,"struct sock * sk, u8 new_state",,tcp_dctcp_check_kfunc_ids,,net/ipv4/tcp_dctcp.c
dctcp_update_alpha,"void dctcp_update_alpha(struct sock * sk, u32 flags)",void,"struct sock * sk, u32 flags",,tcp_dctcp_check_kfunc_ids,,net/ipv4/tcp_dctcp.c
hid_bpf_allocate_context,struct hid_bpf_ctx *hid_bpf_allocate_context(unsigned int hid_id),struct hid_bpf_ctx *,unsigned int hid_id,KF_ACQUIRE|KF_RET_NULL,hid_bpf_syscall_kfunc_ids,,drivers/hid/bpf/hid_bpf_dispatch.c
hid_bpf_get_data,"__u8 *hid_bpf_get_data(struct hid_bpf_ctx * ctx, unsigned int offset, const size_t rdwr_buf_size)",__u8 *,"struct hid_bpf_ctx * ctx, unsigned int offset, const size_t rdwr_buf_size",KF_RET_NULL,hid_bpf_kfunc_ids,,drivers/hid/bpf/hid_bpf_dispatch.c
hid_bpf_hw_output_report,"int hid_bpf_hw_output_report(struct hid_bpf_ctx * ctx, __u8 * buf, size_t buf__sz)",int,"struct hid_bpf_ctx * ctx, __u8 * buf, size_t buf__sz",,hid_bpf_syscall_kfunc_ids,,drivers/hid/bpf/hid_bpf_dispatch.c
hid_bpf_hw_request,"int hid_bpf_hw_request(struct hid_bpf_ctx * ctx, __u8 * buf, size_t buf__sz, hid_report_type rtype, hid_class_request reqtype)",int,"struct hid_bpf_ctx * ctx, __u8 * buf, size_t buf__sz, hid_report_type rtype, hid_class_request reqtype",,hid_bpf_syscall_kfunc_ids,,drivers/hid/bpf/hid_bpf_dispatch.c
hid_bpf_input_report,"int hid_bpf_input_report(struct hid_bpf_ctx * ctx, hid_report_type type, u8 * buf, const size_t buf__sz)",int,"struct hid_bpf_ctx * ctx, hid_report_type type, u8 * buf, const size_t buf__sz",,hid_bpf_syscall_kfunc_ids,,drivers/hid/bpf/hid_bpf_dispatch.c
hid_bpf_release_context,void hid_bpf_release_context(struct hid_bpf_ctx * ctx),void,struct hid_bpf_ctx * ctx,KF_RELEASE,hid_bpf_syscall_kfunc_ids,,drivers/hid/bpf/hid_bpf_dispatch.c
hid_bpf_try_input_report,"int hid_bpf_try_input_report(struct hid_bpf_ctx * ctx, hid_report_type type, u8 * buf, const size_t buf__sz)",int,"struct hid_bpf_ctx * ctx, hid_report_type type, u8 * buf, const size_t buf__sz",,hid_bpf_kfunc_ids,,drivers/hid/bpf/hid_bpf_dispatch.c
scx_bpf_cpu_node,int scx_bpf_cpu_node(s32 cpu),int,s32 cpu,,scx_kfunc_ids_idle,,kernel/sched/ext_idle.c
scx_bpf_cpu_rq,struct rq *scx_bpf_cpu_rq(s32 cpu),struct rq *,s32 cpu,,scx_kfunc_ids_any,,
scx_bpf_cpuperf_cap,u32 scx_bpf_cpuperf_cap(s32 cpu),u32,s32 cpu,,scx_kfunc_ids_any,,kernel/sched/ext.c
scx_bpf_cpuperf_cur,u32 scx_bpf_cpuperf_cur(s32 cpu),u32,s32 cpu,,scx_kfunc_ids_any,,kernel/sched/ext.c
scx_bpf_cpuperf_set,"void scx_bpf_cpuperf_set(s32 cpu, u32 perf)",void,"s32 cpu, u32 perf",,scx_kfunc_ids_any,,kernel/sched/ext.c
scx_bpf_create_dsq,"s32 scx_bpf_create_dsq(u64 dsq_id, s32 node)",s32,"u64 dsq_id, s32 node",KF_SLEEPABLE,scx_kfunc_ids_unlocked,,kernel/sched/ext.c
scx_bpf_destroy_dsq,void scx_bpf_destroy_dsq(u64 dsq_id),void,u64 dsq_id,,scx_kfunc_ids_any,,kernel/sched/ext.c
scx_bpf_dispatch_cancel,void scx_bpf_dispatch_cancel(void),void,,,scx_kfunc_ids_dispatch,,kernel/sched/ext.c
scx_bpf_dispatch_nr_slots,u32 scx_bpf_dispatch_nr_slots(void),u32,,,scx_kfunc_ids_dispatch,,kernel/sched/ext.c
scx_bpf_dsq_insert,"void scx_bpf_dsq_insert(struct task_struct * p, u64 dsq_id, u64 slice, u64 enq_flags)",void,"struct task_struct * p, u64 dsq_id, u64 slice, u64 enq_flags",KF_RCU,scx_kfunc_ids_enqueue_dispatch,,kernel/sched/ext.c
scx_bpf_dsq_insert_vtime,"void scx_bpf_dsq_insert_vtime(struct task_struct * p, u64 dsq_id, u64 slice, u64 vtime, u64 enq_flags)",void,"struct task_struct * p, u64 dsq_id, u64 slice, u64 vtime, u64 enq_flags",KF_RCU,scx_kfunc_ids_enqueue_dispatch,,kernel/sched/ext.c
scx_bpf_dsq_move,"bool scx_bpf_dsq_move(struct bpf_iter_scx_dsq * it__iter, struct task_struct * p, u64 dsq_id, u64 enq_flags)",bool,"struct bpf_iter_scx_dsq * it__iter, struct task_struct * p, u64 dsq_id, u64 enq_flags",KF_RCU,scx_kfunc_ids_unlocked,,kernel/sched/ext.c
scx_bpf_dsq_move_set_slice,"void scx_bpf_dsq_move_set_slice(struct bpf_iter_scx_dsq * it__iter, u64 slice)",void,"struct bpf_iter_scx_dsq * it__iter, u64 slice",,scx_kfunc_ids_unlocked,,kernel/sched/ext.c
scx_bpf_dsq_move_set_vtime,"void scx_bpf_dsq_move_set_vtime(struct bpf_iter_scx_dsq * it__iter, u64 vtime)",void,"struct bpf_iter_scx_dsq * it__iter, u64 vtime",,scx_kfunc_ids_unlocked,,kernel/sched/ext.c
scx_bpf_dsq_move_to_local,bool scx_bpf_dsq_move_to_local(u64 dsq_id),bool,u64 dsq_id,,scx_kfunc_ids_dispatch,,kernel/sched/ext.c
scx_bpf_dsq_move_vtime,"bool scx_bpf_dsq_move_vtime(struct bpf_iter_scx_dsq * it__iter, struct task_struct * p, u64 dsq_id, u64 enq_flags)",bool,"struct bpf_iter_scx_dsq * it__iter, struct task_struct * p, u64 dsq_id, u64 enq_flags",KF_RCU,scx_kfunc_ids_unlocked,,kernel/sched/ext.c
scx_bpf_dsq_nr_queued,s32 scx_bpf_dsq_nr_queued(u64 dsq_id),s32,u64 dsq_id,,scx_kfunc_ids_any,,kernel/sched/ext.c
scx_bpf_dump_bstr,"void scx_bpf_dump_bstr(char * fmt, long long unsigned int * data, u32 data__sz)",void,"char * fmt, long long unsigned int * data, u32 data__sz",KF_TRUSTED_ARGS,scx_kfunc_ids_any,,kernel/sched/ext.c
scx_bpf_error_bstr,"void scx_bpf_error_bstr(char * fmt, long long unsigned int * data, u32 data__sz)",void,"char * fmt, long long unsigned int * data, u32 data__sz",KF_TRUSTED_ARGS,scx_kfunc_ids_any,,kernel/sched/ext.c
scx_bpf_events,"void scx_bpf_events(struct scx_event_stats * events, size_t events__sz)",void,"struct scx_event_stats * events, size_t events__sz",KF_TRUSTED_ARGS,scx_kfunc_ids_any,,kernel/sched/ext.c
scx_bpf_exit_bstr,"void scx_bpf_exit_bstr(s64 exit_code, char * fmt, long long unsigned int * data, u32 data__sz)",void,"s64 exit_code, char * fmt, long long unsigned int * data, u32 data__sz",KF_TRUSTED_ARGS,scx_kfunc_ids_any,,kernel/sched/ext.c
scx_bpf_get_idle_cpumask,const struct cpumask *scx_bpf_get_idle_cpumask(void),const struct cpumask *,,KF_ACQUIRE,scx_kfunc_ids_idle,,
scx_bpf_get_idle_cpumask_node,const struct cpumask *scx_bpf_get_idle_cpumask_node(int node),const struct cpumask *,int node,KF_ACQUIRE,scx_kfunc_ids_idle,,
scx_bpf_get_idle_smtmask,const struct cpumask *scx_bpf_get_idle_smtmask(void),const struct cpumask *,,KF_ACQUIRE,scx_kfunc_ids_idle,,
scx_bpf_get_idle_smtmask_node,const struct cpumask *scx_bpf_get_idle_smtmask_node(int node),const struct cpumask *,int node,KF_ACQUIRE,scx_kfunc_ids_idle,,
scx_bpf_get_online_cpumask,const struct cpumask *scx_bpf_get_online_cpumask(void),const struct cpumask *,,KF_ACQUIRE,scx_kfunc_ids_any,,
scx_bpf_get_possible_cpumask,const struct cpumask *scx_bpf_get_possible_cpumask(void),const struct cpumask *,,KF_ACQUIRE,scx_kfunc_ids_any,,
scx_bpf_kick_cpu,"void scx_bpf_kick_cpu(s32 cpu, u64 flags)",void,"s32 cpu, u64 flags",,scx_kfunc_ids_any,,kernel/sched/ext.c
scx_bpf_now,u64 scx_bpf_now(void),u64,,,scx_kfunc_ids_any,,kernel/sched/ext.c
scx_bpf_nr_cpu_ids,u32 scx_bpf_nr_cpu_ids(void),u32,,,scx_kfunc_ids_any,,kernel/sched/ext.c
scx_bpf_nr_node_ids,u32 scx_bpf_nr_node_ids(void),u32,,,scx_kfunc_ids_any,,kernel/sched/ext.c
scx_bpf_pick_any_cpu,"s32 scx_bpf_pick_any_cpu(const struct cpumask * cpus_allowed, u64 flags)",s32,"const struct cpumask * cpus_allowed, u64 flags",KF_RCU,scx_kfunc_ids_idle,,kernel/sched/ext_idle.c
scx_bpf_pick_any_cpu_node,"s32 scx_bpf_pick_any_cpu_node(const struct cpumask * cpus_allowed, int node, u64 flags)",s32,"const struct cpumask * cpus_allowed, int node, u64 flags",KF_RCU,scx_kfunc_ids_idle,,kernel/sched/ext_idle.c
scx_bpf_pick_idle_cpu,"s32 scx_bpf_pick_idle_cpu(const struct cpumask * cpus_allowed, u64 flags)",s32,"const struct cpumask * cpus_allowed, u64 flags",KF_RCU,scx_kfunc_ids_idle,,kernel/sched/ext_idle.c
scx_bpf_pick_idle_cpu_node,"s32 scx_bpf_pick_idle_cpu_node(const struct cpumask * cpus_allowed, int node, u64 flags)",s32,"const struct cpumask * cpus_allowed, int node, u64 flags",KF_RCU,scx_kfunc_ids_idle,,kernel/sched/ext_idle.c
scx_bpf_put_cpumask,void scx_bpf_put_cpumask(const struct cpumask * cpumask),void,const struct cpumask * cpumask,KF_RELEASE,scx_kfunc_ids_any,,kernel/sched/ext.c
scx_bpf_put_idle_cpumask,void scx_bpf_put_idle_cpumask(const struct cpumask * idle_mask),void,const struct cpumask * idle_mask,KF_RELEASE,scx_kfunc_ids_idle,,kernel/sched/ext_idle.c
scx_bpf_reenqueue_local,u32 scx_bpf_reenqueue_local(void),u32,,,scx_kfunc_ids_cpu_release,,kernel/sched/ext.c
scx_bpf_select_cpu_and,"s32 scx_bpf_select_cpu_and(struct task_struct * p, s32 prev_cpu, u64 wake_flags, const struct cpumask * cpus_allowed, u64 flags)",s32,"struct task_struct * p, s32 prev_cpu, u64 wake_flags, const struct cpumask * cpus_allowed, u64 flags",KF_RCU,scx_kfunc_ids_idle,,kernel/sched/ext_idle.c
scx_bpf_select_cpu_dfl,"s32 scx_bpf_select_cpu_dfl(struct task_struct * p, s32 prev_cpu, u64 wake_flags, bool * is_idle)",s32,"struct task_struct * p, s32 prev_cpu, u64 wake_flags, bool * is_idle",KF_RCU,scx_kfunc_ids_idle,,kernel/sched/ext_idle.c
scx_bpf_task_cgroup,struct cgroup *scx_bpf_task_cgroup(struct task_struct * p),struct cgroup *,struct task_struct * p,KF_RCU|KF_ACQUIRE,scx_kfunc_ids_any,,
scx_bpf_task_cpu,s32 scx_bpf_task_cpu(const struct task_struct * p),s32,const struct task_struct * p,KF_RCU,scx_kfunc_ids_any,,kernel/sched/ext.c
scx_bpf_task_running,bool scx_bpf_task_running(const struct task_struct * p),bool,const struct task_struct * p,KF_RCU,scx_kfunc_ids_any,,kernel/sched/ext.c
scx_bpf_test_and_clear_cpu_idle,bool scx_bpf_test_and_clear_cpu_idle(s32 cpu),bool,s32 cpu,,scx_kfunc_ids_idle,,kernel/sched/ext_idle.c
tcp_cong_avoid_ai,"void tcp_cong_avoid_ai(struct tcp_sock * tp, u32 w, u32 acked)",void,"struct tcp_sock * tp, u32 w, u32 acked",,bpf_tcp_ca_check_kfunc_ids,,net/ipv4/tcp_cong.c
tcp_reno_cong_avoid,"void tcp_reno_cong_avoid(struct sock * sk, u32 ack, u32 acked)",void,"struct sock * sk, u32 ack, u32 acked",,bpf_tcp_ca_check_kfunc_ids,,net/ipv4/tcp_cong.c
tcp_reno_ssthresh,u32 tcp_reno_ssthresh(struct sock * sk),u32,struct sock * sk,,bpf_tcp_ca_check_kfunc_ids,,net/ipv4/tcp_cong.c
tcp_reno_undo_cwnd,u32 tcp_reno_undo_cwnd(struct sock * sk),u32,struct sock * sk,,bpf_tcp_ca_check_kfunc_ids,,net/ipv4/tcp_cong.c
tcp_slow_start,"u32 tcp_slow_start(struct tcp_sock * tp, u32 acked)",u32,"struct tcp_sock * tp, u32 acked",,bpf_tcp_ca_check_kfunc_ids,,net/ipv4/tcp_cong.c
