mode,rate_pps,repeat,status,measured_pps,run_dir,log_file
baseline-no-katran,50000,1,ok,50000,/home/zhengjie/github/local/dual-vm/results/experiments/20260219T233444Z-katran-suite/runs/20260219T233444Z-katran-suite-baseline-no-katran-50000-r1,/home/zhengjie/github/local/dual-vm/results/experiments/20260219T233444Z-katran-suite/logs-cases/katran-suite-baseline-no-katran-50000-r1.log
baseline-no-katran,50000,2,ok,50000,/home/zhengjie/github/local/dual-vm/results/experiments/20260219T233444Z-katran-suite/runs/20260219T233520Z-katran-suite-baseline-no-katran-50000-r2,/home/zhengjie/github/local/dual-vm/results/experiments/20260219T233444Z-katran-suite/logs-cases/katran-suite-baseline-no-katran-50000-r2.log
baseline-no-katran,50000,3,ok,50000,/home/zhengjie/github/local/dual-vm/results/experiments/20260219T233444Z-katran-suite/runs/20260219T233556Z-katran-suite-baseline-no-katran-50000-r3,/home/zhengjie/github/local/dual-vm/results/experiments/20260219T233444Z-katran-suite/logs-cases/katran-suite-baseline-no-katran-50000-r3.log
baseline-no-katran,100000,1,ok,100000,/home/zhengjie/github/local/dual-vm/results/experiments/20260219T233444Z-katran-suite/runs/20260219T233632Z-katran-suite-baseline-no-katran-100000-r1,/home/zhengjie/github/local/dual-vm/results/experiments/20260219T233444Z-katran-suite/logs-cases/katran-suite-baseline-no-katran-100000-r1.log
baseline-no-katran,100000,2,ok,100000,/home/zhengjie/github/local/dual-vm/results/experiments/20260219T233444Z-katran-suite/runs/20260219T233709Z-katran-suite-baseline-no-katran-100000-r2,/home/zhengjie/github/local/dual-vm/results/experiments/20260219T233444Z-katran-suite/logs-cases/katran-suite-baseline-no-katran-100000-r2.log
baseline-no-katran,100000,3,ok,100000,/home/zhengjie/github/local/dual-vm/results/experiments/20260219T233444Z-katran-suite/runs/20260219T233746Z-katran-suite-baseline-no-katran-100000-r3,/home/zhengjie/github/local/dual-vm/results/experiments/20260219T233444Z-katran-suite/logs-cases/katran-suite-baseline-no-katran-100000-r3.log
baseline-no-katran,150000,1,ok,150015,/home/zhengjie/github/local/dual-vm/results/experiments/20260219T233444Z-katran-suite/runs/20260219T233822Z-katran-suite-baseline-no-katran-150000-r1,/home/zhengjie/github/local/dual-vm/results/experiments/20260219T233444Z-katran-suite/logs-cases/katran-suite-baseline-no-katran-150000-r1.log
baseline-no-katran,150000,2,ok,150015,/home/zhengjie/github/local/dual-vm/results/experiments/20260219T233444Z-katran-suite/runs/20260219T233859Z-katran-suite-baseline-no-katran-150000-r2,/home/zhengjie/github/local/dual-vm/results/experiments/20260219T233444Z-katran-suite/logs-cases/katran-suite-baseline-no-katran-150000-r2.log
baseline-no-katran,150000,3,ok,150015,/home/zhengjie/github/local/dual-vm/results/experiments/20260219T233444Z-katran-suite/runs/20260219T233934Z-katran-suite-baseline-no-katran-150000-r3,/home/zhengjie/github/local/dual-vm/results/experiments/20260219T233444Z-katran-suite/logs-cases/katran-suite-baseline-no-katran-150000-r3.log
baseline-no-katran,200000,1,ok,199999,/home/zhengjie/github/local/dual-vm/results/experiments/20260219T233444Z-katran-suite/runs/20260219T234011Z-katran-suite-baseline-no-katran-200000-r1,/home/zhengjie/github/local/dual-vm/results/experiments/20260219T233444Z-katran-suite/logs-cases/katran-suite-baseline-no-katran-200000-r1.log
baseline-no-katran,200000,2,ok,199999,/home/zhengjie/github/local/dual-vm/results/experiments/20260219T233444Z-katran-suite/runs/20260219T234047Z-katran-suite-baseline-no-katran-200000-r2,/home/zhengjie/github/local/dual-vm/results/experiments/20260219T233444Z-katran-suite/logs-cases/katran-suite-baseline-no-katran-200000-r2.log
baseline-no-katran,200000,3,ok,200000,/home/zhengjie/github/local/dual-vm/results/experiments/20260219T233444Z-katran-suite/runs/20260219T234123Z-katran-suite-baseline-no-katran-200000-r3,/home/zhengjie/github/local/dual-vm/results/experiments/20260219T233444Z-katran-suite/logs-cases/katran-suite-baseline-no-katran-200000-r3.log
baseline-no-katran,250000,1,ok,250000,/home/zhengjie/github/local/dual-vm/results/experiments/20260219T233444Z-katran-suite/runs/20260219T234200Z-katran-suite-baseline-no-katran-250000-r1,/home/zhengjie/github/local/dual-vm/results/experiments/20260219T233444Z-katran-suite/logs-cases/katran-suite-baseline-no-katran-250000-r1.log
baseline-no-katran,250000,2,ok,250000,/home/zhengjie/github/local/dual-vm/results/experiments/20260219T233444Z-katran-suite/runs/20260219T234237Z-katran-suite-baseline-no-katran-250000-r2,/home/zhengjie/github/local/dual-vm/results/experiments/20260219T233444Z-katran-suite/logs-cases/katran-suite-baseline-no-katran-250000-r2.log
baseline-no-katran,250000,3,ok,250000,/home/zhengjie/github/local/dual-vm/results/experiments/20260219T233444Z-katran-suite/runs/20260219T234313Z-katran-suite-baseline-no-katran-250000-r3,/home/zhengjie/github/local/dual-vm/results/experiments/20260219T233444Z-katran-suite/logs-cases/katran-suite-baseline-no-katran-250000-r3.log
baseline-no-katran,300000,1,ok,300030,/home/zhengjie/github/local/dual-vm/results/experiments/20260219T233444Z-katran-suite/runs/20260219T234349Z-katran-suite-baseline-no-katran-300000-r1,/home/zhengjie/github/local/dual-vm/results/experiments/20260219T233444Z-katran-suite/logs-cases/katran-suite-baseline-no-katran-300000-r1.log
baseline-no-katran,300000,2,ok,300030,/home/zhengjie/github/local/dual-vm/results/experiments/20260219T233444Z-katran-suite/runs/20260219T234426Z-katran-suite-baseline-no-katran-300000-r2,/home/zhengjie/github/local/dual-vm/results/experiments/20260219T233444Z-katran-suite/logs-cases/katran-suite-baseline-no-katran-300000-r2.log
baseline-no-katran,300000,3,ok,300029,/home/zhengjie/github/local/dual-vm/results/experiments/20260219T233444Z-katran-suite/runs/20260219T234502Z-katran-suite-baseline-no-katran-300000-r3,/home/zhengjie/github/local/dual-vm/results/experiments/20260219T233444Z-katran-suite/logs-cases/katran-suite-baseline-no-katran-300000-r3.log
baseline-no-katran,350000,1,ok,350017,/home/zhengjie/github/local/dual-vm/results/experiments/20260219T233444Z-katran-suite/runs/20260219T234538Z-katran-suite-baseline-no-katran-350000-r1,/home/zhengjie/github/local/dual-vm/results/experiments/20260219T233444Z-katran-suite/logs-cases/katran-suite-baseline-no-katran-350000-r1.log
baseline-no-katran,350000,2,ok,350017,/home/zhengjie/github/local/dual-vm/results/experiments/20260219T233444Z-katran-suite/runs/20260219T234614Z-katran-suite-baseline-no-katran-350000-r2,/home/zhengjie/github/local/dual-vm/results/experiments/20260219T233444Z-katran-suite/logs-cases/katran-suite-baseline-no-katran-350000-r2.log
baseline-no-katran,350000,3,ok,350017,/home/zhengjie/github/local/dual-vm/results/experiments/20260219T233444Z-katran-suite/runs/20260219T234651Z-katran-suite-baseline-no-katran-350000-r3,/home/zhengjie/github/local/dual-vm/results/experiments/20260219T233444Z-katran-suite/logs-cases/katran-suite-baseline-no-katran-350000-r3.log
baseline-no-katran,400000,1,ok,399999,/home/zhengjie/github/local/dual-vm/results/experiments/20260219T233444Z-katran-suite/runs/20260219T234728Z-katran-suite-baseline-no-katran-400000-r1,/home/zhengjie/github/local/dual-vm/results/experiments/20260219T233444Z-katran-suite/logs-cases/katran-suite-baseline-no-katran-400000-r1.log
baseline-no-katran,400000,2,ok,399999,/home/zhengjie/github/local/dual-vm/results/experiments/20260219T233444Z-katran-suite/runs/20260219T234805Z-katran-suite-baseline-no-katran-400000-r2,/home/zhengjie/github/local/dual-vm/results/experiments/20260219T233444Z-katran-suite/logs-cases/katran-suite-baseline-no-katran-400000-r2.log
baseline-no-katran,400000,3,ok,399999,/home/zhengjie/github/local/dual-vm/results/experiments/20260219T233444Z-katran-suite/runs/20260219T234842Z-katran-suite-baseline-no-katran-400000-r3,/home/zhengjie/github/local/dual-vm/results/experiments/20260219T233444Z-katran-suite/logs-cases/katran-suite-baseline-no-katran-400000-r3.log
baseline-no-katran,450000,1,ok,450044,/home/zhengjie/github/local/dual-vm/results/experiments/20260219T233444Z-katran-suite/runs/20260219T234918Z-katran-suite-baseline-no-katran-450000-r1,/home/zhengjie/github/local/dual-vm/results/experiments/20260219T233444Z-katran-suite/logs-cases/katran-suite-baseline-no-katran-450000-r1.log
baseline-no-katran,450000,2,ok,450044,/home/zhengjie/github/local/dual-vm/results/experiments/20260219T233444Z-katran-suite/runs/20260219T234955Z-katran-suite-baseline-no-katran-450000-r2,/home/zhengjie/github/local/dual-vm/results/experiments/20260219T233444Z-katran-suite/logs-cases/katran-suite-baseline-no-katran-450000-r2.log
baseline-no-katran,450000,3,ok,450044,/home/zhengjie/github/local/dual-vm/results/experiments/20260219T233444Z-katran-suite/runs/20260219T235032Z-katran-suite-baseline-no-katran-450000-r3,/home/zhengjie/github/local/dual-vm/results/experiments/20260219T233444Z-katran-suite/logs-cases/katran-suite-baseline-no-katran-450000-r3.log
baseline-no-katran,500000,1,ok,499999,/home/zhengjie/github/local/dual-vm/results/experiments/20260219T233444Z-katran-suite/runs/20260219T235109Z-katran-suite-baseline-no-katran-500000-r1,/home/zhengjie/github/local/dual-vm/results/experiments/20260219T233444Z-katran-suite/logs-cases/katran-suite-baseline-no-katran-500000-r1.log
baseline-no-katran,500000,2,ok,499999,/home/zhengjie/github/local/dual-vm/results/experiments/20260219T233444Z-katran-suite/runs/20260219T235146Z-katran-suite-baseline-no-katran-500000-r2,/home/zhengjie/github/local/dual-vm/results/experiments/20260219T233444Z-katran-suite/logs-cases/katran-suite-baseline-no-katran-500000-r2.log
baseline-no-katran,500000,3,ok,499999,/home/zhengjie/github/local/dual-vm/results/experiments/20260219T233444Z-katran-suite/runs/20260219T235223Z-katran-suite-baseline-no-katran-500000-r3,/home/zhengjie/github/local/dual-vm/results/experiments/20260219T233444Z-katran-suite/logs-cases/katran-suite-baseline-no-katran-500000-r3.log
baseline-no-katran,550000,1,ok,548388,/home/zhengjie/github/local/dual-vm/results/experiments/20260219T233444Z-katran-suite/runs/20260219T235300Z-katran-suite-baseline-no-katran-550000-r1,/home/zhengjie/github/local/dual-vm/results/experiments/20260219T233444Z-katran-suite/logs-cases/katran-suite-baseline-no-katran-550000-r1.log
baseline-no-katran,550000,2,ok,550052,/home/zhengjie/github/local/dual-vm/results/experiments/20260219T233444Z-katran-suite/runs/20260219T235337Z-katran-suite-baseline-no-katran-550000-r2,/home/zhengjie/github/local/dual-vm/results/experiments/20260219T233444Z-katran-suite/logs-cases/katran-suite-baseline-no-katran-550000-r2.log
baseline-no-katran,550000,3,ok,550052,/home/zhengjie/github/local/dual-vm/results/experiments/20260219T233444Z-katran-suite/runs/20260219T235414Z-katran-suite-baseline-no-katran-550000-r3,/home/zhengjie/github/local/dual-vm/results/experiments/20260219T233444Z-katran-suite/logs-cases/katran-suite-baseline-no-katran-550000-r3.log
baseline-no-katran,600000,1,ok,558830,/home/zhengjie/github/local/dual-vm/results/experiments/20260219T233444Z-katran-suite/runs/20260219T235451Z-katran-suite-baseline-no-katran-600000-r1,/home/zhengjie/github/local/dual-vm/results/experiments/20260219T233444Z-katran-suite/logs-cases/katran-suite-baseline-no-katran-600000-r1.log
baseline-no-katran,600000,2,ok,562168,/home/zhengjie/github/local/dual-vm/results/experiments/20260219T233444Z-katran-suite/runs/20260219T235530Z-katran-suite-baseline-no-katran-600000-r2,/home/zhengjie/github/local/dual-vm/results/experiments/20260219T233444Z-katran-suite/logs-cases/katran-suite-baseline-no-katran-600000-r2.log
baseline-no-katran,600000,3,ok,558793,/home/zhengjie/github/local/dual-vm/results/experiments/20260219T233444Z-katran-suite/runs/20260219T235609Z-katran-suite-baseline-no-katran-600000-r3,/home/zhengjie/github/local/dual-vm/results/experiments/20260219T233444Z-katran-suite/logs-cases/katran-suite-baseline-no-katran-600000-r3.log
baseline-no-katran,650000,1,ok,567790,/home/zhengjie/github/local/dual-vm/results/experiments/20260219T233444Z-katran-suite/runs/20260219T235648Z-katran-suite-baseline-no-katran-650000-r1,/home/zhengjie/github/local/dual-vm/results/experiments/20260219T233444Z-katran-suite/logs-cases/katran-suite-baseline-no-katran-650000-r1.log
baseline-no-katran,650000,2,ok,543987,/home/zhengjie/github/local/dual-vm/results/experiments/20260219T233444Z-katran-suite/runs/20260219T235729Z-katran-suite-baseline-no-katran-650000-r2,/home/zhengjie/github/local/dual-vm/results/experiments/20260219T233444Z-katran-suite/logs-cases/katran-suite-baseline-no-katran-650000-r2.log
baseline-no-katran,650000,3,ok,560018,/home/zhengjie/github/local/dual-vm/results/experiments/20260219T233444Z-katran-suite/runs/20260219T235811Z-katran-suite-baseline-no-katran-650000-r3,/home/zhengjie/github/local/dual-vm/results/experiments/20260219T233444Z-katran-suite/logs-cases/katran-suite-baseline-no-katran-650000-r3.log
baseline-no-katran,700000,1,ok,561719,/home/zhengjie/github/local/dual-vm/results/experiments/20260219T233444Z-katran-suite/runs/20260219T235852Z-katran-suite-baseline-no-katran-700000-r1,/home/zhengjie/github/local/dual-vm/results/experiments/20260219T233444Z-katran-suite/logs-cases/katran-suite-baseline-no-katran-700000-r1.log
baseline-no-katran,700000,2,ok,557079,/home/zhengjie/github/local/dual-vm/results/experiments/20260219T233444Z-katran-suite/runs/20260219T235936Z-katran-suite-baseline-no-katran-700000-r2,/home/zhengjie/github/local/dual-vm/results/experiments/20260219T233444Z-katran-suite/logs-cases/katran-suite-baseline-no-katran-700000-r2.log
baseline-no-katran,700000,3,ok,558678,/home/zhengjie/github/local/dual-vm/results/experiments/20260219T233444Z-katran-suite/runs/20260220T000020Z-katran-suite-baseline-no-katran-700000-r3,/home/zhengjie/github/local/dual-vm/results/experiments/20260219T233444Z-katran-suite/logs-cases/katran-suite-baseline-no-katran-700000-r3.log
baseline-no-katran,750000,1,ok,563642,/home/zhengjie/github/local/dual-vm/results/experiments/20260219T233444Z-katran-suite/runs/20260220T000104Z-katran-suite-baseline-no-katran-750000-r1,/home/zhengjie/github/local/dual-vm/results/experiments/20260219T233444Z-katran-suite/logs-cases/katran-suite-baseline-no-katran-750000-r1.log
baseline-no-katran,750000,2,ok,563690,/home/zhengjie/github/local/dual-vm/results/experiments/20260219T233444Z-katran-suite/runs/20260220T000151Z-katran-suite-baseline-no-katran-750000-r2,/home/zhengjie/github/local/dual-vm/results/experiments/20260219T233444Z-katran-suite/logs-cases/katran-suite-baseline-no-katran-750000-r2.log
baseline-no-katran,750000,3,ok,563376,/home/zhengjie/github/local/dual-vm/results/experiments/20260219T233444Z-katran-suite/runs/20260220T000237Z-katran-suite-baseline-no-katran-750000-r3,/home/zhengjie/github/local/dual-vm/results/experiments/20260219T233444Z-katran-suite/logs-cases/katran-suite-baseline-no-katran-750000-r3.log
baseline-no-katran,800000,1,ok,558697,/home/zhengjie/github/local/dual-vm/results/experiments/20260219T233444Z-katran-suite/runs/20260220T000323Z-katran-suite-baseline-no-katran-800000-r1,/home/zhengjie/github/local/dual-vm/results/experiments/20260219T233444Z-katran-suite/logs-cases/katran-suite-baseline-no-katran-800000-r1.log
baseline-no-katran,800000,2,ok,559473,/home/zhengjie/github/local/dual-vm/results/experiments/20260219T233444Z-katran-suite/runs/20260220T000412Z-katran-suite-baseline-no-katran-800000-r2,/home/zhengjie/github/local/dual-vm/results/experiments/20260219T233444Z-katran-suite/logs-cases/katran-suite-baseline-no-katran-800000-r2.log
baseline-no-katran,800000,3,ok,559910,/home/zhengjie/github/local/dual-vm/results/experiments/20260219T233444Z-katran-suite/runs/20260220T000502Z-katran-suite-baseline-no-katran-800000-r3,/home/zhengjie/github/local/dual-vm/results/experiments/20260219T233444Z-katran-suite/logs-cases/katran-suite-baseline-no-katran-800000-r3.log
baseline-no-katran,850000,1,ok,559735,/home/zhengjie/github/local/dual-vm/results/experiments/20260219T233444Z-katran-suite/runs/20260220T000551Z-katran-suite-baseline-no-katran-850000-r1,/home/zhengjie/github/local/dual-vm/results/experiments/20260219T233444Z-katran-suite/logs-cases/katran-suite-baseline-no-katran-850000-r1.log
baseline-no-katran,850000,2,ok,558309,/home/zhengjie/github/local/dual-vm/results/experiments/20260219T233444Z-katran-suite/runs/20260220T000643Z-katran-suite-baseline-no-katran-850000-r2,/home/zhengjie/github/local/dual-vm/results/experiments/20260219T233444Z-katran-suite/logs-cases/katran-suite-baseline-no-katran-850000-r2.log
baseline-no-katran,850000,3,ok,560658,/home/zhengjie/github/local/dual-vm/results/experiments/20260219T233444Z-katran-suite/runs/20260220T000736Z-katran-suite-baseline-no-katran-850000-r3,/home/zhengjie/github/local/dual-vm/results/experiments/20260219T233444Z-katran-suite/logs-cases/katran-suite-baseline-no-katran-850000-r3.log
baseline-no-katran,900000,1,ok,527797,/home/zhengjie/github/local/dual-vm/results/experiments/20260219T233444Z-katran-suite/runs/20260220T000828Z-katran-suite-baseline-no-katran-900000-r1,/home/zhengjie/github/local/dual-vm/results/experiments/20260219T233444Z-katran-suite/logs-cases/katran-suite-baseline-no-katran-900000-r1.log
baseline-no-katran,900000,2,ok,551339,/home/zhengjie/github/local/dual-vm/results/experiments/20260219T233444Z-katran-suite/runs/20260220T000926Z-katran-suite-baseline-no-katran-900000-r2,/home/zhengjie/github/local/dual-vm/results/experiments/20260219T233444Z-katran-suite/logs-cases/katran-suite-baseline-no-katran-900000-r2.log
baseline-no-katran,900000,3,ok,557708,/home/zhengjie/github/local/dual-vm/results/experiments/20260219T233444Z-katran-suite/runs/20260220T001021Z-katran-suite-baseline-no-katran-900000-r3,/home/zhengjie/github/local/dual-vm/results/experiments/20260219T233444Z-katran-suite/logs-cases/katran-suite-baseline-no-katran-900000-r3.log
baseline-no-katran,950000,1,ok,560652,/home/zhengjie/github/local/dual-vm/results/experiments/20260219T233444Z-katran-suite/runs/20260220T001117Z-katran-suite-baseline-no-katran-950000-r1,/home/zhengjie/github/local/dual-vm/results/experiments/20260219T233444Z-katran-suite/logs-cases/katran-suite-baseline-no-katran-950000-r1.log
baseline-no-katran,950000,2,ok,557657,/home/zhengjie/github/local/dual-vm/results/experiments/20260219T233444Z-katran-suite/runs/20260220T001214Z-katran-suite-baseline-no-katran-950000-r2,/home/zhengjie/github/local/dual-vm/results/experiments/20260219T233444Z-katran-suite/logs-cases/katran-suite-baseline-no-katran-950000-r2.log
baseline-no-katran,950000,3,ok,557626,/home/zhengjie/github/local/dual-vm/results/experiments/20260219T233444Z-katran-suite/runs/20260220T001312Z-katran-suite-baseline-no-katran-950000-r3,/home/zhengjie/github/local/dual-vm/results/experiments/20260219T233444Z-katran-suite/logs-cases/katran-suite-baseline-no-katran-950000-r3.log
baseline-no-katran,1000000,1,ok,559168,/home/zhengjie/github/local/dual-vm/results/experiments/20260219T233444Z-katran-suite/runs/20260220T001409Z-katran-suite-baseline-no-katran-1000000-r1,/home/zhengjie/github/local/dual-vm/results/experiments/20260219T233444Z-katran-suite/logs-cases/katran-suite-baseline-no-katran-1000000-r1.log
baseline-no-katran,1000000,2,ok,559942,/home/zhengjie/github/local/dual-vm/results/experiments/20260219T233444Z-katran-suite/runs/20260220T001510Z-katran-suite-baseline-no-katran-1000000-r2,/home/zhengjie/github/local/dual-vm/results/experiments/20260219T233444Z-katran-suite/logs-cases/katran-suite-baseline-no-katran-1000000-r2.log
baseline-no-katran,1000000,3,ok,566311,/home/zhengjie/github/local/dual-vm/results/experiments/20260219T233444Z-katran-suite/runs/20260220T001610Z-katran-suite-baseline-no-katran-1000000-r3,/home/zhengjie/github/local/dual-vm/results/experiments/20260219T233444Z-katran-suite/logs-cases/katran-suite-baseline-no-katran-1000000-r3.log
katran-orig-bpf,50000,1,ok,50000,/home/zhengjie/github/local/dual-vm/results/experiments/20260219T233444Z-katran-suite/runs/20260220T001710Z-katran-suite-katran-orig-bpf-50000-r1,/home/zhengjie/github/local/dual-vm/results/experiments/20260219T233444Z-katran-suite/logs-cases/katran-suite-katran-orig-bpf-50000-r1.log
katran-orig-bpf,50000,2,ok,50000,/home/zhengjie/github/local/dual-vm/results/experiments/20260219T233444Z-katran-suite/runs/20260220T001747Z-katran-suite-katran-orig-bpf-50000-r2,/home/zhengjie/github/local/dual-vm/results/experiments/20260219T233444Z-katran-suite/logs-cases/katran-suite-katran-orig-bpf-50000-r2.log
katran-orig-bpf,50000,3,ok,50000,/home/zhengjie/github/local/dual-vm/results/experiments/20260219T233444Z-katran-suite/runs/20260220T001824Z-katran-suite-katran-orig-bpf-50000-r3,/home/zhengjie/github/local/dual-vm/results/experiments/20260219T233444Z-katran-suite/logs-cases/katran-suite-katran-orig-bpf-50000-r3.log
katran-orig-bpf,100000,1,ok,100000,/home/zhengjie/github/local/dual-vm/results/experiments/20260219T233444Z-katran-suite/runs/20260220T001902Z-katran-suite-katran-orig-bpf-100000-r1,/home/zhengjie/github/local/dual-vm/results/experiments/20260219T233444Z-katran-suite/logs-cases/katran-suite-katran-orig-bpf-100000-r1.log
katran-orig-bpf,100000,2,ok,100000,/home/zhengjie/github/local/dual-vm/results/experiments/20260219T233444Z-katran-suite/runs/20260220T001939Z-katran-suite-katran-orig-bpf-100000-r2,/home/zhengjie/github/local/dual-vm/results/experiments/20260219T233444Z-katran-suite/logs-cases/katran-suite-katran-orig-bpf-100000-r2.log
katran-orig-bpf,100000,3,ok,100000,/home/zhengjie/github/local/dual-vm/results/experiments/20260219T233444Z-katran-suite/runs/20260220T002016Z-katran-suite-katran-orig-bpf-100000-r3,/home/zhengjie/github/local/dual-vm/results/experiments/20260219T233444Z-katran-suite/logs-cases/katran-suite-katran-orig-bpf-100000-r3.log
katran-orig-bpf,150000,1,ok,150015,/home/zhengjie/github/local/dual-vm/results/experiments/20260219T233444Z-katran-suite/runs/20260220T002054Z-katran-suite-katran-orig-bpf-150000-r1,/home/zhengjie/github/local/dual-vm/results/experiments/20260219T233444Z-katran-suite/logs-cases/katran-suite-katran-orig-bpf-150000-r1.log
katran-orig-bpf,150000,2,ok,150015,/home/zhengjie/github/local/dual-vm/results/experiments/20260219T233444Z-katran-suite/runs/20260220T002131Z-katran-suite-katran-orig-bpf-150000-r2,/home/zhengjie/github/local/dual-vm/results/experiments/20260219T233444Z-katran-suite/logs-cases/katran-suite-katran-orig-bpf-150000-r2.log
katran-orig-bpf,150000,3,ok,150015,/home/zhengjie/github/local/dual-vm/results/experiments/20260219T233444Z-katran-suite/runs/20260220T002208Z-katran-suite-katran-orig-bpf-150000-r3,/home/zhengjie/github/local/dual-vm/results/experiments/20260219T233444Z-katran-suite/logs-cases/katran-suite-katran-orig-bpf-150000-r3.log
katran-orig-bpf,200000,1,ok,200000,/home/zhengjie/github/local/dual-vm/results/experiments/20260219T233444Z-katran-suite/runs/20260220T002246Z-katran-suite-katran-orig-bpf-200000-r1,/home/zhengjie/github/local/dual-vm/results/experiments/20260219T233444Z-katran-suite/logs-cases/katran-suite-katran-orig-bpf-200000-r1.log
katran-orig-bpf,200000,2,ok,200000,/home/zhengjie/github/local/dual-vm/results/experiments/20260219T233444Z-katran-suite/runs/20260220T002323Z-katran-suite-katran-orig-bpf-200000-r2,/home/zhengjie/github/local/dual-vm/results/experiments/20260219T233444Z-katran-suite/logs-cases/katran-suite-katran-orig-bpf-200000-r2.log
katran-orig-bpf,200000,3,ok,199999,/home/zhengjie/github/local/dual-vm/results/experiments/20260219T233444Z-katran-suite/runs/20260220T002400Z-katran-suite-katran-orig-bpf-200000-r3,/home/zhengjie/github/local/dual-vm/results/experiments/20260219T233444Z-katran-suite/logs-cases/katran-suite-katran-orig-bpf-200000-r3.log
katran-orig-bpf,250000,1,ok,249999,/home/zhengjie/github/local/dual-vm/results/experiments/20260219T233444Z-katran-suite/runs/20260220T002438Z-katran-suite-katran-orig-bpf-250000-r1,/home/zhengjie/github/local/dual-vm/results/experiments/20260219T233444Z-katran-suite/logs-cases/katran-suite-katran-orig-bpf-250000-r1.log
katran-orig-bpf,250000,2,ok,250000,/home/zhengjie/github/local/dual-vm/results/experiments/20260219T233444Z-katran-suite/runs/20260220T002515Z-katran-suite-katran-orig-bpf-250000-r2,/home/zhengjie/github/local/dual-vm/results/experiments/20260219T233444Z-katran-suite/logs-cases/katran-suite-katran-orig-bpf-250000-r2.log
katran-orig-bpf,250000,3,ok,250000,/home/zhengjie/github/local/dual-vm/results/experiments/20260219T233444Z-katran-suite/runs/20260220T002553Z-katran-suite-katran-orig-bpf-250000-r3,/home/zhengjie/github/local/dual-vm/results/experiments/20260219T233444Z-katran-suite/logs-cases/katran-suite-katran-orig-bpf-250000-r3.log
katran-orig-bpf,300000,1,ok,300030,/home/zhengjie/github/local/dual-vm/results/experiments/20260219T233444Z-katran-suite/runs/20260220T002630Z-katran-suite-katran-orig-bpf-300000-r1,/home/zhengjie/github/local/dual-vm/results/experiments/20260219T233444Z-katran-suite/logs-cases/katran-suite-katran-orig-bpf-300000-r1.log
katran-orig-bpf,300000,2,ok,300030,/home/zhengjie/github/local/dual-vm/results/experiments/20260219T233444Z-katran-suite/runs/20260220T002708Z-katran-suite-katran-orig-bpf-300000-r2,/home/zhengjie/github/local/dual-vm/results/experiments/20260219T233444Z-katran-suite/logs-cases/katran-suite-katran-orig-bpf-300000-r2.log
katran-orig-bpf,300000,3,ok,300030,/home/zhengjie/github/local/dual-vm/results/experiments/20260219T233444Z-katran-suite/runs/20260220T002745Z-katran-suite-katran-orig-bpf-300000-r3,/home/zhengjie/github/local/dual-vm/results/experiments/20260219T233444Z-katran-suite/logs-cases/katran-suite-katran-orig-bpf-300000-r3.log
katran-orig-bpf,350000,1,ok,350017,/home/zhengjie/github/local/dual-vm/results/experiments/20260219T233444Z-katran-suite/runs/20260220T002822Z-katran-suite-katran-orig-bpf-350000-r1,/home/zhengjie/github/local/dual-vm/results/experiments/20260219T233444Z-katran-suite/logs-cases/katran-suite-katran-orig-bpf-350000-r1.log
katran-orig-bpf,350000,2,ok,350017,/home/zhengjie/github/local/dual-vm/results/experiments/20260219T233444Z-katran-suite/runs/20260220T002900Z-katran-suite-katran-orig-bpf-350000-r2,/home/zhengjie/github/local/dual-vm/results/experiments/20260219T233444Z-katran-suite/logs-cases/katran-suite-katran-orig-bpf-350000-r2.log
katran-orig-bpf,350000,3,ok,350017,/home/zhengjie/github/local/dual-vm/results/experiments/20260219T233444Z-katran-suite/runs/20260220T002937Z-katran-suite-katran-orig-bpf-350000-r3,/home/zhengjie/github/local/dual-vm/results/experiments/20260219T233444Z-katran-suite/logs-cases/katran-suite-katran-orig-bpf-350000-r3.log
katran-orig-bpf,400000,1,ok,400000,/home/zhengjie/github/local/dual-vm/results/experiments/20260219T233444Z-katran-suite/runs/20260220T003015Z-katran-suite-katran-orig-bpf-400000-r1,/home/zhengjie/github/local/dual-vm/results/experiments/20260219T233444Z-katran-suite/logs-cases/katran-suite-katran-orig-bpf-400000-r1.log
katran-orig-bpf,400000,2,ok,399999,/home/zhengjie/github/local/dual-vm/results/experiments/20260219T233444Z-katran-suite/runs/20260220T003052Z-katran-suite-katran-orig-bpf-400000-r2,/home/zhengjie/github/local/dual-vm/results/experiments/20260219T233444Z-katran-suite/logs-cases/katran-suite-katran-orig-bpf-400000-r2.log
katran-orig-bpf,400000,3,ok,399999,/home/zhengjie/github/local/dual-vm/results/experiments/20260219T233444Z-katran-suite/runs/20260220T003130Z-katran-suite-katran-orig-bpf-400000-r3,/home/zhengjie/github/local/dual-vm/results/experiments/20260219T233444Z-katran-suite/logs-cases/katran-suite-katran-orig-bpf-400000-r3.log
katran-orig-bpf,450000,1,ok,450044,/home/zhengjie/github/local/dual-vm/results/experiments/20260219T233444Z-katran-suite/runs/20260220T003207Z-katran-suite-katran-orig-bpf-450000-r1,/home/zhengjie/github/local/dual-vm/results/experiments/20260219T233444Z-katran-suite/logs-cases/katran-suite-katran-orig-bpf-450000-r1.log
katran-orig-bpf,450000,2,ok,450044,/home/zhengjie/github/local/dual-vm/results/experiments/20260219T233444Z-katran-suite/runs/20260220T003245Z-katran-suite-katran-orig-bpf-450000-r2,/home/zhengjie/github/local/dual-vm/results/experiments/20260219T233444Z-katran-suite/logs-cases/katran-suite-katran-orig-bpf-450000-r2.log
katran-orig-bpf,450000,3,ok,450044,/home/zhengjie/github/local/dual-vm/results/experiments/20260219T233444Z-katran-suite/runs/20260220T003322Z-katran-suite-katran-orig-bpf-450000-r3,/home/zhengjie/github/local/dual-vm/results/experiments/20260219T233444Z-katran-suite/logs-cases/katran-suite-katran-orig-bpf-450000-r3.log
katran-orig-bpf,500000,1,ok,499999,/home/zhengjie/github/local/dual-vm/results/experiments/20260219T233444Z-katran-suite/runs/20260220T003400Z-katran-suite-katran-orig-bpf-500000-r1,/home/zhengjie/github/local/dual-vm/results/experiments/20260219T233444Z-katran-suite/logs-cases/katran-suite-katran-orig-bpf-500000-r1.log
katran-orig-bpf,500000,2,ok,499999,/home/zhengjie/github/local/dual-vm/results/experiments/20260219T233444Z-katran-suite/runs/20260220T003438Z-katran-suite-katran-orig-bpf-500000-r2,/home/zhengjie/github/local/dual-vm/results/experiments/20260219T233444Z-katran-suite/logs-cases/katran-suite-katran-orig-bpf-500000-r2.log
katran-orig-bpf,500000,3,ok,499999,/home/zhengjie/github/local/dual-vm/results/experiments/20260219T233444Z-katran-suite/runs/20260220T003515Z-katran-suite-katran-orig-bpf-500000-r3,/home/zhengjie/github/local/dual-vm/results/experiments/20260219T233444Z-katran-suite/logs-cases/katran-suite-katran-orig-bpf-500000-r3.log
katran-orig-bpf,550000,1,ok,550052,/home/zhengjie/github/local/dual-vm/results/experiments/20260219T233444Z-katran-suite/runs/20260220T003553Z-katran-suite-katran-orig-bpf-550000-r1,/home/zhengjie/github/local/dual-vm/results/experiments/20260219T233444Z-katran-suite/logs-cases/katran-suite-katran-orig-bpf-550000-r1.log
katran-orig-bpf,550000,2,ok,550052,/home/zhengjie/github/local/dual-vm/results/experiments/20260219T233444Z-katran-suite/runs/20260220T003630Z-katran-suite-katran-orig-bpf-550000-r2,/home/zhengjie/github/local/dual-vm/results/experiments/20260219T233444Z-katran-suite/logs-cases/katran-suite-katran-orig-bpf-550000-r2.log
katran-orig-bpf,550000,3,ok,550053,/home/zhengjie/github/local/dual-vm/results/experiments/20260219T233444Z-katran-suite/runs/20260220T003708Z-katran-suite-katran-orig-bpf-550000-r3,/home/zhengjie/github/local/dual-vm/results/experiments/20260219T233444Z-katran-suite/logs-cases/katran-suite-katran-orig-bpf-550000-r3.log
katran-orig-bpf,600000,1,ok,580913,/home/zhengjie/github/local/dual-vm/results/experiments/20260219T233444Z-katran-suite/runs/20260220T003746Z-katran-suite-katran-orig-bpf-600000-r1,/home/zhengjie/github/local/dual-vm/results/experiments/20260219T233444Z-katran-suite/logs-cases/katran-suite-katran-orig-bpf-600000-r1.log
katran-orig-bpf,600000,2,ok,582601,/home/zhengjie/github/local/dual-vm/results/experiments/20260219T233444Z-katran-suite/runs/20260220T003824Z-katran-suite-katran-orig-bpf-600000-r2,/home/zhengjie/github/local/dual-vm/results/experiments/20260219T233444Z-katran-suite/logs-cases/katran-suite-katran-orig-bpf-600000-r2.log
katran-orig-bpf,600000,3,ok,583567,/home/zhengjie/github/local/dual-vm/results/experiments/20260219T233444Z-katran-suite/runs/20260220T003903Z-katran-suite-katran-orig-bpf-600000-r3,/home/zhengjie/github/local/dual-vm/results/experiments/20260219T233444Z-katran-suite/logs-cases/katran-suite-katran-orig-bpf-600000-r3.log
katran-orig-bpf,650000,1,ok,582280,/home/zhengjie/github/local/dual-vm/results/experiments/20260219T233444Z-katran-suite/runs/20260220T003942Z-katran-suite-katran-orig-bpf-650000-r1,/home/zhengjie/github/local/dual-vm/results/experiments/20260219T233444Z-katran-suite/logs-cases/katran-suite-katran-orig-bpf-650000-r1.log
katran-orig-bpf,650000,2,ok,581670,/home/zhengjie/github/local/dual-vm/results/experiments/20260219T233444Z-katran-suite/runs/20260220T004023Z-katran-suite-katran-orig-bpf-650000-r2,/home/zhengjie/github/local/dual-vm/results/experiments/20260219T233444Z-katran-suite/logs-cases/katran-suite-katran-orig-bpf-650000-r2.log
katran-orig-bpf,650000,3,ok,582327,/home/zhengjie/github/local/dual-vm/results/experiments/20260219T233444Z-katran-suite/runs/20260220T004103Z-katran-suite-katran-orig-bpf-650000-r3,/home/zhengjie/github/local/dual-vm/results/experiments/20260219T233444Z-katran-suite/logs-cases/katran-suite-katran-orig-bpf-650000-r3.log
katran-orig-bpf,700000,1,ok,583102,/home/zhengjie/github/local/dual-vm/results/experiments/20260219T233444Z-katran-suite/runs/20260220T004144Z-katran-suite-katran-orig-bpf-700000-r1,/home/zhengjie/github/local/dual-vm/results/experiments/20260219T233444Z-katran-suite/logs-cases/katran-suite-katran-orig-bpf-700000-r1.log
katran-orig-bpf,700000,2,ok,580918,/home/zhengjie/github/local/dual-vm/results/experiments/20260219T233444Z-katran-suite/runs/20260220T004228Z-katran-suite-katran-orig-bpf-700000-r2,/home/zhengjie/github/local/dual-vm/results/experiments/20260219T233444Z-katran-suite/logs-cases/katran-suite-katran-orig-bpf-700000-r2.log
katran-orig-bpf,700000,3,ok,584046,/home/zhengjie/github/local/dual-vm/results/experiments/20260219T233444Z-katran-suite/runs/20260220T004312Z-katran-suite-katran-orig-bpf-700000-r3,/home/zhengjie/github/local/dual-vm/results/experiments/20260219T233444Z-katran-suite/logs-cases/katran-suite-katran-orig-bpf-700000-r3.log
katran-orig-bpf,750000,1,ok,585499,/home/zhengjie/github/local/dual-vm/results/experiments/20260219T233444Z-katran-suite/runs/20260220T004356Z-katran-suite-katran-orig-bpf-750000-r1,/home/zhengjie/github/local/dual-vm/results/experiments/20260219T233444Z-katran-suite/logs-cases/katran-suite-katran-orig-bpf-750000-r1.log
katran-orig-bpf,750000,2,ok,582864,/home/zhengjie/github/local/dual-vm/results/experiments/20260219T233444Z-katran-suite/runs/20260220T004442Z-katran-suite-katran-orig-bpf-750000-r2,/home/zhengjie/github/local/dual-vm/results/experiments/20260219T233444Z-katran-suite/logs-cases/katran-suite-katran-orig-bpf-750000-r2.log
katran-orig-bpf,750000,3,ok,582432,/home/zhengjie/github/local/dual-vm/results/experiments/20260219T233444Z-katran-suite/runs/20260220T004527Z-katran-suite-katran-orig-bpf-750000-r3,/home/zhengjie/github/local/dual-vm/results/experiments/20260219T233444Z-katran-suite/logs-cases/katran-suite-katran-orig-bpf-750000-r3.log
katran-orig-bpf,800000,1,ok,585471,/home/zhengjie/github/local/dual-vm/results/experiments/20260219T233444Z-katran-suite/runs/20260220T004613Z-katran-suite-katran-orig-bpf-800000-r1,/home/zhengjie/github/local/dual-vm/results/experiments/20260219T233444Z-katran-suite/logs-cases/katran-suite-katran-orig-bpf-800000-r1.log
katran-orig-bpf,800000,2,ok,583286,/home/zhengjie/github/local/dual-vm/results/experiments/20260219T233444Z-katran-suite/runs/20260220T004702Z-katran-suite-katran-orig-bpf-800000-r2,/home/zhengjie/github/local/dual-vm/results/experiments/20260219T233444Z-katran-suite/logs-cases/katran-suite-katran-orig-bpf-800000-r2.log
katran-orig-bpf,800000,3,ok,581517,/home/zhengjie/github/local/dual-vm/results/experiments/20260219T233444Z-katran-suite/runs/20260220T004751Z-katran-suite-katran-orig-bpf-800000-r3,/home/zhengjie/github/local/dual-vm/results/experiments/20260219T233444Z-katran-suite/logs-cases/katran-suite-katran-orig-bpf-800000-r3.log
katran-orig-bpf,850000,1,ok,581330,/home/zhengjie/github/local/dual-vm/results/experiments/20260219T233444Z-katran-suite/runs/20260220T004840Z-katran-suite-katran-orig-bpf-850000-r1,/home/zhengjie/github/local/dual-vm/results/experiments/20260219T233444Z-katran-suite/logs-cases/katran-suite-katran-orig-bpf-850000-r1.log
katran-orig-bpf,850000,2,ok,580084,/home/zhengjie/github/local/dual-vm/results/experiments/20260219T233444Z-katran-suite/runs/20260220T004932Z-katran-suite-katran-orig-bpf-850000-r2,/home/zhengjie/github/local/dual-vm/results/experiments/20260219T233444Z-katran-suite/logs-cases/katran-suite-katran-orig-bpf-850000-r2.log
katran-orig-bpf,850000,3,ok,579593,/home/zhengjie/github/local/dual-vm/results/experiments/20260219T233444Z-katran-suite/runs/20260220T005024Z-katran-suite-katran-orig-bpf-850000-r3,/home/zhengjie/github/local/dual-vm/results/experiments/20260219T233444Z-katran-suite/logs-cases/katran-suite-katran-orig-bpf-850000-r3.log
katran-orig-bpf,900000,1,ok,579447,/home/zhengjie/github/local/dual-vm/results/experiments/20260219T233444Z-katran-suite/runs/20260220T005116Z-katran-suite-katran-orig-bpf-900000-r1,/home/zhengjie/github/local/dual-vm/results/experiments/20260219T233444Z-katran-suite/logs-cases/katran-suite-katran-orig-bpf-900000-r1.log
katran-orig-bpf,900000,2,ok,591666,/home/zhengjie/github/local/dual-vm/results/experiments/20260219T233444Z-katran-suite/runs/20260220T005211Z-katran-suite-katran-orig-bpf-900000-r2,/home/zhengjie/github/local/dual-vm/results/experiments/20260219T233444Z-katran-suite/logs-cases/katran-suite-katran-orig-bpf-900000-r2.log
katran-orig-bpf,900000,3,ok,582627,/home/zhengjie/github/local/dual-vm/results/experiments/20260219T233444Z-katran-suite/runs/20260220T005303Z-katran-suite-katran-orig-bpf-900000-r3,/home/zhengjie/github/local/dual-vm/results/experiments/20260219T233444Z-katran-suite/logs-cases/katran-suite-katran-orig-bpf-900000-r3.log
katran-orig-bpf,950000,1,ok,579522,/home/zhengjie/github/local/dual-vm/results/experiments/20260219T233444Z-katran-suite/runs/20260220T005358Z-katran-suite-katran-orig-bpf-950000-r1,/home/zhengjie/github/local/dual-vm/results/experiments/20260219T233444Z-katran-suite/logs-cases/katran-suite-katran-orig-bpf-950000-r1.log
katran-orig-bpf,950000,2,ok,582681,/home/zhengjie/github/local/dual-vm/results/experiments/20260219T233444Z-katran-suite/runs/20260220T005455Z-katran-suite-katran-orig-bpf-950000-r2,/home/zhengjie/github/local/dual-vm/results/experiments/20260219T233444Z-katran-suite/logs-cases/katran-suite-katran-orig-bpf-950000-r2.log
katran-orig-bpf,950000,3,ok,580783,/home/zhengjie/github/local/dual-vm/results/experiments/20260219T233444Z-katran-suite/runs/20260220T005551Z-katran-suite-katran-orig-bpf-950000-r3,/home/zhengjie/github/local/dual-vm/results/experiments/20260219T233444Z-katran-suite/logs-cases/katran-suite-katran-orig-bpf-950000-r3.log
katran-orig-bpf,1000000,1,ok,583629,/home/zhengjie/github/local/dual-vm/results/experiments/20260219T233444Z-katran-suite/runs/20260220T005648Z-katran-suite-katran-orig-bpf-1000000-r1,/home/zhengjie/github/local/dual-vm/results/experiments/20260219T233444Z-katran-suite/logs-cases/katran-suite-katran-orig-bpf-1000000-r1.log
katran-orig-bpf,1000000,2,ok,582947,/home/zhengjie/github/local/dual-vm/results/experiments/20260219T233444Z-katran-suite/runs/20260220T005747Z-katran-suite-katran-orig-bpf-1000000-r2,/home/zhengjie/github/local/dual-vm/results/experiments/20260219T233444Z-katran-suite/logs-cases/katran-suite-katran-orig-bpf-1000000-r2.log
katran-orig-bpf,1000000,3,ok,579134,/home/zhengjie/github/local/dual-vm/results/experiments/20260219T233444Z-katran-suite/runs/20260220T005847Z-katran-suite-katran-orig-bpf-1000000-r3,/home/zhengjie/github/local/dual-vm/results/experiments/20260219T233444Z-katran-suite/logs-cases/katran-suite-katran-orig-bpf-1000000-r3.log
